corp_code,stock_name,stock_code,corp_name
260985,,36720,한빛네트
264529,,40130,엔플렉스
358545,,55000,동서정보기술
231567,,32600,애드모바일
359614,,56140,리더컴
153551,,12400,허메스홀딩스
344746,,45880,유티엑스
261188,,37830,글로포스트
268020,,30390,쏠라엔텍
269287,,41320,보홍
475286,,78420,동북아1호선박투자회사
250775,,46350,에듀아크
114321,,13650,데코
191108,,15390,엘앤씨피
167378,,19640,희훈디앤지
225210,,58690,퓨쳐인포넷
223346,,35400,쓰리디넷
174129,,24100,제일저축은행
114826,,26540,제일창업투자
173333,,16510,현대DSF
687599,,950030,네프로아이티
256292,,36790,자강
271431,,38830,케이엠에스
154727,,20070,에버리소스
246189,,37110,제이에스
154204,,7490,태창기업
152631,,17300,에이치비이에너지
358095,,56850,코어비트
510215,,82110,동북아8호선박투자회사
347619,,45760,한국통신데이타
372013,,62730,케너텍
353735,,55250,다휘
186540,,22520,코오롱아이넷
128759,,4620,캠브리지코오롱
535588,,89240,네오세미테크
264981,,45260,디에이치패션
231521,,32380,핸디소프트
159908,,9690,케이엠에이치
259493,,35710,씨엘엘씨디
359641,,114410,현대푸드시스템
161639,,12420,메리츠종합금융
211271,,34660,제넥셀세인
388272,,65340,쓰리디월드
264796,,43680,스톰이앤에프
134909,,35010,소예
236368,,48640,엠엔에프씨
684547,,103150,하이트맥주
251385,,66690,보광티에스
262682,,40740,아인스엠앤엠
234555,,38420,씨엔씨엔터프라이즈
507257,,84810,아이알디
417963,,67850,바이나믹
543523,,86720,코크렙제7호위탁관리부동산투자회사
300566,,54170,엔빅스
299376,,54010,선팩테크
112068,,1190,마이크로닉스
257194,,33720,블루스톤디앤아이
477372,,78700,신지소프트
465410,,76850,맥쿼리센트럴오피스기업구조조정부동산투자회사
331760,,48510,테스텍
200761,,30030,중앙디자인
268297,,42870,에코페트로시스템
161301,,21060,한림창업투자
237260,,36270,헤쎄나
297970,,37510,미래에셋굿라이프혼합형자녀를위한투자회사10-1
107358,,32030,일공공일안경콘택트
267474,,43630,지앤알
134051,,13240,셀런
596066,,93820,한국베트남15-1유전해외자원개발투자회사
347363,,52310,에이치원바이오
150226,,8400,씨앤중공업
152914,,1370,FnC코오롱
158839,,17010,제너비오믹스
159281,,11050,케드콤
210537,,65410,지엔텍홀딩스
240370,,44640,동부씨엔아이
247887,,51820,아이피에스
268358,,46240,에스브이에이치
316488,,60750,제이콤
264130,,43790,옥션
540304,,88020,네이쳐글로벌
617299,,94950,GB블루오션베트남주식혼합형투자회사1호
262275,,52210,엠씨티티코어
200798,,32930,에이스앤파트너스
335924,,61050,지앤디윈텍
111591,,14010,인터피온반도체
189343,,7800,솔로몬저축은행
252588,,46320,엠트론스토리지테크놀로지
267997,,31800,에스티앤아이
299686,,60670,유퍼트
463050,,74140,엑스로드
238913,,68770,선우중공업
107446,,3020,남양
114303,,15940,엘지데이콤
318617,,45820,LG파워콤
267775,,31960,동산진흥
394574,,67950,티이씨
110176,,8320,한국기술산업
136554,,17050,스타맥스
144562,,24870,유성티에스아이
370547,,58550,네오리소스
242439,,35950,케이알
134060,,790,씨앤상선
392600,,58900,투미비티
259855,,39990,코아정보시스템
385451,,66340,케이에스리소스
258944,,47600,세계투어
798530,,122290,동양밸류오션기업인수목적
451268,,77960,케이이엔지
336570,,63280,사이버패스
363325,,79870,산양전기
148188,,32150,으뜸상호저축은행
508566,,80570,국제개발
133928,,4230,세신
540784,,84160,골든브릿지더블유엠경매부동산일호투자회사
298252,,61140,엘앤피아너스
264556,,38690,에이스일렉트로닉스
581000,,90090,디앤샵
359094,,54120,더체인지
686970,,105380,다산자기관리부동산투자회사
255309,,35500,써니트렌드
362380,,54650,뉴젠비아이티
244862,,33880,룩소네이트
297165,,42100,현대오토넷
105767,,16990,LG마이크론
173397,,1600,서광건설산업
259606,,36660,플러스프로핏
178471,,37020,한와이어리스
331733,,49690,포휴먼
104892,,23670,알이네트웍스
647917,,101790,케이알제2호개발전문위탁관리부동산투자회사
597764,,94520,미래에셋맵스오퍼튜니티베트남주식혼합형투자회사1호
355821,,88960,씨티엘테크
329677,,52650,이디디컴퍼니
244871,,32390,케이티프리텔
246383,,35830,메카포럼
345499,,48130,에스피코프
348140,,45400,이롬텍
215107,,47450,이앤텍
560991,,88810,맥스브로
265263,,37700,토자이홀딩스
142564,,13200,우방
198572,,23020,동양매직
642648,,900020,코웰이홀딩스유한공사
537443,,78670,아구스
113173,,7480,대한은박지
441872,,73130,인스프리트
480844,,79340,하이럭스
262044,,53070,트리니티
101442,,32570,카라반케이디이
295875,,45380,더존디지털웨어
441298,,80140,디보스
263885,,45290,포네이처
475532,,76090,테이크시스템즈
130204,,33190,폴켐
128731,,7050,유리이에스
325981,,47370,에프아이투어
540021,,85680,모빌탑
362089,,52970,올리브나인
228916,,30420,디패션
114215,,25970,알덱스
109648,,16160,오라바이오틱스
261212,,37320,시노펙스그린테크
348007,,59720,야호커뮤니케이션
275808,,48760,브이케이
375579,,63350,팬택앤큐리텔
197324,,25460,팬텀엔터테인먼트그룹
339063,,52560,삼성수산
538497,,84240,동북아15호선박투자회사
225140,,33260,쌈지
101947,,18890,브이오산업
287724,,41800,코디콤
347840,,52640,제네시스엔알디
504357,,80410,동북아6호선박투자회사
269339,,41450,인네트
634959,,98150,한국월드와이드아시아태평양특별자산1호투자회사
267094,,39350,헤파호프코리아
142698,,6210,휴리프
350057,,57100,하이스마텍
721981,,108070,삼성디지털이미징
248691,,37150,씨제이인터넷
335562,,56200,엠넷미디어
369675,,45710,온미디어
265078,,39040,유니텍전자
267809,,19430,위더스기술금융
314000,,37550,클라스타
355292,,52810,아시아미디어홀딩스
386557,,56010,아이스테이션
548865,,88010,동북아21호선박투자회사
221320,,36550,에이스디지텍
124054,,7830,부산저축은행
301486,,68630,에피밸리
311298,,53470,오페스
348557,,47710,액티투오
265342,,38920,에이치에스씨홀딩스
156734,,27840,한국고덴시
208693,,36850,나리지*온
128953,,14420,프로비타
428792,,69470,제로원인터랙티브
148744,,610,제일화재해상보험
518873,,83120,동북아9호선박투자회사
300779,,51530,굿이엠지
397766,,66850,아이드림
174305,,4820,조인에너지
320807,,48140,태광이엔시
106492,,4790,렉스엘이앤지
592583,,93400,코리아퍼시픽05호선박투자회사
275260,,48460,엑큐리스
183914,,25920,우경
481676,,81220,세미텍
104971,,470,그린손해보험
269773,,40180,대양글로벌
334767,,46720,엔하이테크
453752,,73930,제너시스템즈
140919,,15050,엘트온
255840,,36210,태산엘시디
133034,,12090,성원건설
161028,,4550,대우송도개발
174475,,18410,현대금속
251482,,34010,트라이써클
824659,,126680,아이비케이에스스마트에스엠이기업인수목적1호
259536,,37540,네스테크
505198,,80980,동북아5호선박투자회사
679730,,101990,파브코
803504,,122750,우리기업인수목적1호
350118,,54150,뉴젠아이씨티
352295,,41630,인젠
240088,,36920,지앤에스티
560025,,90540,코크렙제8호위탁관리부동산투자회사
140380,,3640,유니온스틸
101275,,1670,경남모직
797674,,121910,대우증권그린코리아기업인수목적회사
244589,,33850,지노시스템
802028,,123290,한국투자신성장1호기업인수목적회사
371519,,66060,휴먼텍코리아
126593,,71660,에스에스씨피
220181,,89480,평산
254009,,36610,지디코프
505541,,81190,아시아퍼시픽2호선박투자회사
240398,,34510,무한투자
828309,,128910,동부티에스블랙펄기업인수목적
349468,,53040,블루젬디앤씨
808262,,123300,부국퓨쳐스타즈기업인수목적
252393,,49000,예당컴퍼니
229818,,32420,터보테크
154189,,8540,케이비물산
680161,,900030,연합과기공고유한공사
102645,,12410,글로스텍
844884,,950070,중국고섬공고유한공사
592592,,93410,코리아퍼시픽06호선박투자회사
268437,,10670,나노트로닉스
798284,,121950,미래에셋제1호기업인수목적
164195,,37380,에이원마이크로
264811,,45470,에이프로테크놀로지
676380,,110310,모린스
543231,,91690,디지텍시스템스
122436,,11800,배명금속
505189,,80970,동북아4호선박투자회사
271413,,40020,사라콤
245296,,65610,폴리플러스
480905,,85990,영찬테크
890333,,149130,케이비부국제1호개발전문위탁관리부동산투자회사
510534,,81930,아시아퍼시픽8호선박투자회사
150855,,7200,진흥저축은행
173634,,9010,에듀언스
830377,,900150,성융광전투자유한공사
224567,,66300,샤인시스템
582054,,81090,씨모텍
125929,,14900,에스컴
502793,,80180,아시아퍼시픽1호선박투자회사
505550,,81200,아시아퍼시픽3호선박투자회사
104704,,25610,한국저축은행
361035,,56710,미리넷
630111,,900010,3노드디지탈그룹유한공사
264802,,38720,유일엔시스
399773,,64420,케이피케미칼
257529,,41030,이루넷
804114,,123550,대신증권그로쓰알파기업인수목적
416706,,71530,유에이블
173324,,19120,경윤하이드로에너지
121729,,4010,롯데미도파
808226,,124050,한화에스브이명장제1호기업인수목적
162577,,19260,셀텍
812229,,123910,에스비아이앤솔로몬드림기업인수목적
351153,,56810,위다스
126885,,8080,에스와이코퍼레이션
264741,,42820,어울림네트웍스
266989,,38120,에이디모터스
260693,,37240,평안물산
267951,,13780,아큐텍
804983,,123160,히든챔피언제1호기업인수목적
502474,,80030,동북아2호선박투자회사
579379,,105070,금강제강
264857,,41060,아라온테크
375302,,53000,우리금융지주
264848,,42340,대국
251190,,34600,글로웍스
694003,,900060,중국식품포장유한공사
505170,,80960,동북아3호선박투자회사
259439,,35450,지아이바이오
207436,,46430,알에스넷
408585,,72530,나이스메탈
115038,,3330,하나IB증권
288653,,42570,퓨쳐비젼
303837,,45310,이레전자산업
330017,,47420,레이더스컴퍼니
264769,,38810,포이보스
308948,,53890,미디어코프
321222,,73780,케이디세코
361202,,66200,이노블루
450728,,78610,도움
535773,,81500,엑스씨이
152950,,11020,코오롱유화
296069,,50600,세라온홀딩스
521956,,83160,현대경매부동산일호투자회사
360540,,60550,우수씨엔에스
593519,,93730,동북아31호선박투자회사
194372,,32050,후야인포넷
154693,,36900,이레아이엔씨
106650,,5330,카스코
368791,,64720,모델라인
220552,,35270,청람디지탈
294371,,41940,한텔
353683,,53170,코스모스피엘씨
252375,,71360,나노하이텍
260903,,36360,쓰리소프트
261461,,38410,트라이콤
265218,,36760,케이엔에스홀딩스
471989,,76170,지비에스
306986,,65910,피더블유제네틱스
356644,,54440,엠텍반도체
305695,,56060,세니콘
257051,,65810,유씨아이콜스
459589,,73530,코크렙제3호CR리츠
366164,,57110,아이티센네트웍스
436728,,72450,리얼티코리아제1호기업구조조정부동산투자
136235,,3990,BHK
328854,,48270,포넷
120960,,9890,맥슨텔레콤
119733,,32590,엔토리노
119423,,33330,두림티앤씨
557067,,89170,동북아27호선박투자회사
557058,,89180,동북아28호선박투자회사
557030,,89200,동북아30호선박투자회사
557049,,89190,동북아29호선박투자회사
244330,,38960,현주컴퓨터
120100,,12990,LG석유화학
246657,,58680,오브제
130037,,9790,휴닉스
405074,,66330,세이프아시아
398534,,67910,코크렙제1호기업구조조정부동산투자회사
165200,,5760,위너스인프라인
150183,,15670,AP우주통신
268482,,44370,조이토토
363033,,60660,한도하이테크
364227,,55970,에너윈
458915,,73470,유레스메리츠제1호
386876,,64900,교보메리츠퍼스트기업구조조정부동산투자회사
543073,,85450,굿앤리치부동산공경매투자회사1호
160445,,25830,한국합섬
554468,,88510,굿앤리치부동산공경매투자회사2호
165565,,16040,디에스피이엔티
300256,,37060,시큐어소프트
138491,,1830,동부일렉트로닉스
102821,,3660,고려시멘트
377814,,60410,베스트플로우
364670,,56020,쿨투
143013,,12460,우영
263991,,41310,모빌링크텔레콤
105183,,10200,극동제혁
173254,,25450,한마음상호저축은행
101637,,9220,그로웰전자
124513,,3930,부흥
154417,,9080,퍼시픽글라스
119362,,8780,아이인프라
140353,,16970,씨크롭
170451,,38400,외환신용카드
267793,,33210,삼화기연
260639,,37250,대흥멀티미디어통신
153852,,18180,텔슨정보통신
248956,,36820,비이티
390028,,63510,코오롱인터내셔널
260888,,37750,엔써커뮤니티
275710,,39000,써미트테크놀로지
172103,,27440,코리아이앤디
263955,,38050,트래픽아이티에스
261601,,35870,호성
265254,,37220,넥스텔
255266,,37730,쓰리알
259916,,35780,그로웰텔레콤
131434,,1150,서통
271352,,43690,테크메이트
244932,,36020,한아시스템
348052,,53250,엔에스아이
367598,,55810,케이티씨텔레콤
267720,,54530,신한SIT
147949,,4190,스마텔
203458,,25690,동방라이텍
130000,,8030,아이텍스필
145534,,32180,이수세라믹
425360,,70540,코크렙제2호기업구조조정부동산투자회사
141334,,2850,영풍산업
384452,,48150,모닷텔
103583,,3590,광덕물산
162142,,5890,동원증권
236021,,54080,우주통신
106483,,19930,기라정보통신
208374,,27350,텔슨전자
309983,,48540,하이콤정보통신
277727,,37500,미래에셋굿라이프혼합형자녀를위한펀드5-1
136217,,6150,한메엔에스
229827,,38980,이지클럽
247902,,37010,넷컴스토리지
318477,,46000,모디아
246815,,37650,성진산업
260921,,38100,아이엠아이티
247762,,36880,맥시스템
350224,,56500,슈마일렉트론
101992,,6750,센추리
151614,,9360,베네데스하이텍
179832,,32610,에스오케이
241120,,36910,세원텔레콤
277985,,36060,한강구조조정기금
325918,,36590,케이엔티
110981,,9940,대아리드선
104467,,31150,국민은행
257361,,47610,월드텔레콤
358730,,54370,업필
248406,,45920,화림모드
110963,,380,대아건설
267021,,42960,창민테크
330406,,49370,씨제이엔터테인먼트
110079,,27700,대백쇼핑
141440,,36600,지니웍스
135670,,1580,신광기업
144933,,23420,유진종합개발
371139,,66480,휘튼
218654,,31970,엠바이엔
115852,,2950,두산건설
113696,,1980,대호
253514,,37120,한신코퍼레이션
105509,,10730,금강화섬
163178,,1280,우리증권
264185,,39580,피코소프트
265157,,35960,바이오시스
270405,,39390,윌텍정보통신
125406,,2930,삼도물산
258731,,35910,현대멀티캡
822572,,144630,씨아이에스
580603,,90970,코리아퍼시픽01호선박투자회사
580612,,90980,코리아퍼시픽02호선박투자회사
317830,,86830,신양오라컴디스플레이
311030,,37620,미래에셋증권
439053,,50640,이룸지엔지
992312,,194860,에스와이이노베이션
580621,,90990,코리아퍼시픽03호선박투자회사
580630,,91000,코리아퍼시픽04호선박투자회사
262123,,50050,유아이에너지
533696,,83610,아시아퍼시픽14호선박투자회사
533757,,83600,아시아퍼시픽13호선박투자회사
533580,,83570,아시아퍼시픽10호선박투자회사
1041217,,204760,현대에이블기업인수목적1호
533793,,83580,아시아퍼시픽11호선박투자회사
533836,,83590,아시아퍼시픽12호선박투자회사
144766,,4320,호반산업
525527,,82930,실리콘화일
372989,,58370,비엔씨컴퍼니
529523,,83360,동북아11호선박투자회사
526474,,83390,동북아14호선박투자회사
302801,,74130,디아이디
124018,,25270,부산방직공업
255071,,34750,현대에이치씨엔동작방송
364926,,65270,플렉스컴
350491,,160350,웹솔루스
450214,,88700,마이스코
1022054,,222520,솔트웍스
164955,,11720,현대페인트
790501,,117930,한진해운
272412,,45050,글라소울
207542,,25930,팬택자산관리
394778,,68150,케이엔씨글로벌
446460,,78780,아이디에스
188946,,17170,훈영
137702,,7190,한솔아트원제지
418476,,74150,엠제이비
587101,,92630,바다로3호선박투자회사
351047,,53810,아이팩토리
778040,,114130,거북선5호선박투자회사
778059,,114140,거북선6호선박투자회사
126229,,830,삼성물산
496003,,82390,피엘에이
359030,,63840,닉스테크
510914,,81940,아시아퍼시픽9호선박투자회사
697329,,108890,거북선4호선박투자회사
149664,,15110,중앙건설
318839,,42950,미래에셋새천년코리아벤처펀드일호
130897,,2860,하나은행
183260,,71930,에이스하이텍
246347,,39850,태창파로스
599230,,950010,평산차업집단유한공사
970277,,179280,스탠다드펌
122922,,2530,벽산건설
116860,,16420,NH농협증권
505569,,81210,아시아퍼시픽4호선박투자회사
160612,,25850,한화화인케미칼
659435,,224090,정다운
232317,,33030,지오엠씨
130860,,31950,에듀패스
113632,,26230,아이디에이치
837680,,134000,거북선7호선박투자회사
130815,,16560,서울상호저축은행
248123,,40670,와이즈파워
788807,,121550,코크렙제15호기업구조조정부동산투자회사
270432,,43890,티브로드한빛방송
648697,,102000,거북선3호선박투자회사
165529,,13450,동성하이켐
419989,,67130,클루넷
637114,,99210,코리아퍼시픽07호선박투자회사
361114,,56340,씨유전자
125628,,158380,삼목강업
265227,,37630,에스비엠
267669,,44440,솔빛미디어
693800,,119250,에프지엔개발전문자기관리부동산투자회사
991012,,187770,판타지오
164469,,10520,현대하이스코
586652,,92970,거북선1호선박투자회사
345657,,52350,코아에스앤아이
810531,,181980,자원메디칼
127370,,26250,삼우이엠씨
261124,,38320,어울림정보기술
244729,,35210,티브로드도봉강북방송
138127,,8900,티이씨앤코
156521,,10460,화인자산관리
120377,,420,로케트전기
136970,,14350,신일건업
148328,,1300,제일모직
842479,,139170,퓨얼셀파워
907660,,950100,아루히
351269,,53870,지티앤티
350251,,52880,모아에스앤에스
206127,,33280,어울림엘시스
846396,,138440,이코리아자기관리부동산투자회사
144155,,3600,SK
678281,,103650,에이치앤아이
314888,,51710,디에스
653990,,110500,유니드코리아
451116,,72430,아이레보
159926,,10150,포스코티엠씨
648688,,101380,거북선2호선박투자회사
512550,,82240,아시아퍼시픽5호선박투자회사
512532,,82260,아시아퍼시픽7호선박투자회사
512541,,82250,아시아퍼시픽6호선박투자회사
1047929,,207930,에스케이제1호기업인수목적
1064315,,215580,대우기업인수목적3호
1047567,,207720,엔에이치에스엘기업인수목적
1043871,,204650,케이티비기업인수목적1호
1065536,,215750,미래에셋제3호기업인수목적
636045,,110570,넥솔론
632331,,189700,디피앤케이
974459,,156170,비앤에스미디어
461690,,85980,세화피앤씨
1111057,,232290,에스지에이시스템즈
823687,,900130,웨이포트유한공사
318538,,232360,아스팩오일
855145,,139200,하이골드오션2호선박투자회사
1046179,,206660,골든브릿지제2호기업인수목적
110495,,5620,대성합동지주
722500,,900050,중국원양자원유한공사
533678,,83620,아시아퍼시픽15호선박투자회사
1047716,,208870,하나머스트3호기업인수목적
686147,,104120,신성에프에이
686068,,104110,신성이엔지
163619,,61460,한진피앤씨
967778,,192240,나이코
1038161,,204440,대우기업인수목적2호
267960,,36500,에스에스컴텍
529310,,83350,동북아10호선박투자회사
1080410,,219580,골든브릿지제3호기업인수목적
413824,,86200,제이앤유글로벌
1090301,,222390,케이비제8호기업인수목적
1010572,,256090,패션플랫폼
1075047,,218710,키움제3호기업인수목적
1089828,,221200,유진기업인수목적3호
1087079,,219860,한화에이스기업인수목적2호
1072660,,217810,엔에이치기업인수목적7호
1091391,,223040,교보5호기업인수목적
1089961,,221950,케이비드림투게더제3호기업인수목적
1089387,,219960,유안타제2호기업인수목적
1111765,,252940,에스엠로보틱스
1115257,,246830,시냅스엠
1109186,,230490,동부제4호기업인수목적
1095892,,235090,태경피엔에스
130949,,16170,카카오엠
202778,,51170,썬코어
1090921,,237720,케이엠제약
1102800,,226850,키움제4호기업인수목적
148717,,8000,도레이케미칼
959265,,207230,디와이엘엔제이
447478,,95300,엔에스브이
163789,,90730,심팩메탈
838421,,130960,씨제이이앤엠
1094565,,225440,이베스트기업인수목적3호
842327,,900180,완리인터내셔널홀딩스
156044,,24660,하림홀딩스
109170,,4130,대덕GDS
207223,,26260,위너지스
454265,,87220,스틸플라워
1170962,,900290,GRT
348177,,52290,트레이스
1111020,,232270,케이비제9호기업인수목적
1117103,,235010,하이에이아이1호기업인수목적
264644,,38990,넥스콘테크놀러지
334244,,47060,덴소코리아
535719,,82220,프렉코
790121,,900090,차이나하오란리사이클링유한공사
569992,,123100,원익테라세미콘
925453,,167380,나무기술
1130937,,240540,한국제4호기업인수목적
232496,,99830,씨그널엔터테인먼트그룹
1088458,,272420,극동자동화
108047,,7910,세원화성
600013,,94800,맵스리얼티1
609254,,111610,세왕
1117495,,251540,에스와이제이
835734,,144740,피엠디아카데미
1119217,,242420,본느
865382,,140890,트러스와이제7호위탁관리부동산투자회사
149877,,15170,중앙바이오텍
123514,,30950,보진재
1139266,,900260,로스웰
1018954,,250300,제이에스피브이
921475,,230400,자비스
1199985,,265480,미래에셋대우기업인수목적1호
619020,,135270,세종머티리얼즈
1179839,,257730,신한제3호기업인수목적
1095397,,229480,줌인터넷
1051339,,226610,한국비엔씨
1113277,,247300,인프라웨어테크놀러지
1197428,,264290,한화에이스기업인수목적3호
252755,,39530,씨앤케이인터내셔널
1181940,,122050,아이엘사이언스
580180,,176560,포인트엔지니어링
473400,,77280,한컴지엠디
100717,,23430,아이이
133317,,26220,에스티씨라이프
1201581,,265920,한화수성기업인수목적
200956,,26180,현대정보기술
1111570,,232330,에스케이제3호기업인수목적
1113781,,242850,영현무역
1194759,,262830,대신밸런스제4호기업인수목적
527880,,122800,썬테크놀로지스
117638,,7150,동양텔레콤
1063963,,252370,유쎌
656340,,210610,소프트캠프
1194892,,271400,알로이스
222806,,43580,에임하이글로벌
1234525,,271740,한국제5호기업인수목적
389679,,65180,해피드림
526465,,83380,동북아13호선박투자회사
324104,,47440,디케이씨
410678,,204690,다린
930321,,159650,하이골드오션8호국제선박투자회사
307037,,65310,더스텔라
695464,,900040,차이나그레이트스타인터내셔널리미티드
123152,,4740,보루네오가구
1086812,,205290,케미메디
961136,,189540,씨티네트웍스
893923,,185280,이푸른
938688,,950110,SBI핀테크솔루션즈
530796,,94700,미성포리테크
671437,,123260,파인넥스
102681,,4200,고려개발
1243550,,276920,아이비케이에스제7호기업인수목적
814810,,251960,엠에프엠코리아
1186811,,284610,티에스트릴리온
1066030,,220110,드림티엔터테인먼트
526447,,83370,동북아12호선박투자회사
435297,,88980,맥쿼리인프라
598587,,108790,인터파크
1243772,,277480,신한제4호기업인수목적
1107665,,900250,크리스탈신소재
351418,,152330,코리아오토글라스
843830,,220250,카이노스메드
647935,,99350,하나유비에스암바토비니켈해외자원개발2호
647883,,99340,하나유비에스암바토비니켈해외자원개발1호
1277928,,291210,한국제7호기업인수목적
100258,,30270,에스마크
255141,,35480,글로앤웰
1247918,,279410,한화에이스기업인수목적4호
1257526,,281410,한국제6호기업인수목적
599887,,99660,신텍
601641,,197210,리드
261735,,39790,위노바
122339,,36260,이매진아시아
159290,,23890,한국아트라스비엑스
116356,,5190,동성화학
1337114,,329050,구스앤홈
1336391,,310840,엔에이치기업인수목적13호
609485,,103130,웅진에너지
288495,,60560,홈센타홀딩스
173944,,105840,우진
786331,,900080,에스앤씨엔진그룹리미티드
482426,,101930,인화정공
111874,,5710,대원산업
109286,,490,대동
146719,,1590,일화모직공업
1337220,,311270,키움제5호기업인수목적
129350,,1820,삼화콘덴서공업
144252,,910,유니온
303217,,49800,우진플라임
389387,,65160,라임
208134,,58400,KNN
167192,,5720,넥센
125938,,23600,삼보판지
442905,,104040,대성파인텍
954242,,172580,하이골드오션12호국제선박투자회사
1036446,,200880,서연이화
455112,,45890,금빛
112970,,1070,대한방직
129554,,11420,갤럭시아에스엠
110307,,31990,대선조선
1068348,,217500,러셀
612115,,91270,유디피
1351114,,317030,케이비제17호기업인수목적
1326260,,307160,하나머스트제6호기업인수목적
1236286,,900310,컬러레이
364111,,86080,다이노나
1015726,,213090,미래테크놀로지
650629,,101060,SBS미디어홀딩스
186939,,26150,특수건설
1169434,,900300,오가닉티코스메틱
163691,,700,유수홀딩스
194275,,33110,코너스톤네트웍스
207755,,28150,지에스홈쇼핑
133663,,53060,세동
1137897,,224880,에스지에이클라우드서비스
132318,,14620,성광벤드
799070,,900110,이스트아시아홀딩스
1343920,,313750,유안타제4호기업인수목적
1351822,,317320,한화에스비아이기업인수목적
260392,,6340,대원전선
151605,,13720,CBI
379016,,94190,이엘케이
111421,,5870,휴니드테크놀러지스
523307,,68240,다원시스
128980,,10960,삼호개발
563147,,158300,에스에이티
1371312,,323940,케이비제18호기업인수목적
486705,,139990,아주스틸
153524,,11280,태림포장
962223,,263860,지니언스
274933,,31440,신세계푸드
267881,,6910,보성파워텍
1109715,,241520,DSC인베스트먼트
1366365,,323210,이베스트이안기업인수목적1호
1489648,,357780,솔브레인
105156,,14530,극동유화
1262023,,253610,루트락
116073,,25340,그린기술투자
1336285,,307070,에스케이에이씨피씨제4호기업인수목적
176792,,79440,오렌지라이프생명보험
366793,,80440,에스제이케이
351630,,53450,세코닉스
838500,,900140,엘브이엠씨
867098,,117730,티로보틱스
481223,,79560,넥스피안
568461,,225530,보광산업
989327,,183350,엘피케이로보틱스
668965,,311320,지오엘리먼트
146649,,15860,일진홀딩스
601191,,299030,하나기술
148443,,2620,제일파마홀딩스
107066,,1260,남광토건
1454341,,367000,플래티어
291231,,52270,우전
148939,,4700,조광피혁
100957,,12720,건영
966168,,263690,디알젬
1290248,,276040,스코넥
438036,,84730,팅크웨어
1255652,,281740,레이크머티리얼즈
664181,,189300,인텔리안테크
117337,,1520,동양
1058101,,214260,라파스
1213586,,332370,아이디피
405506,,361670,삼영에스앤씨
268181,,39110,에스피컴텍
552992,,109820,진매트릭스
173731,,32040,씨앤에스자산관리
396925,,58970,엠로
1141942,,290740,액트로
524421,,95610,테스
556712,,238490,힘스
491336,,90120,잘만테크
556615,,87260,모바일어플라이언스
447760,,49950,미래컴퍼니
1084294,,353590,오토앤
118284,,109860,동일금속
442145,,83930,아바코
411446,,66310,큐에스아이
1137295,,335810,프리시젼바이오
1098792,,226340,본느
532129,,60850,영림원소프트랩
1459212,,382840,원준
244747,,140860,파크시스템스
1234297,,268280,미원에스씨
763473,,241710,코스메카코리아
140946,,9180,한솔로지스틱스
578325,,92590,럭스피아
442048,,149950,아바텍
663289,,140660,위월드
147152,,11320,유니크
1089350,,220260,켐트로스
977377,,203400,에이비온
494546,,352910,오비고
493501,,73710,씨디네트웍스
267979,,7770,한일화학
530121,,109740,디에스케이
166272,,13520,화승코퍼레이션
659815,,165270,금오하이텍
117072,,5900,동양건설산업
983916,,187420,제노포커스
107303,,33220,피엔에스커튼월
393618,,66830,제노텍
1022902,,179530,애드바이오텍
350738,,53320,제네시스디벨롭먼트홀딩스
133715,,8340,대주코레스
946030,,108490,로보티즈
122728,,2480,범양사
123967,,15350,부산도시가스
108649,,48770,TPC
231044,,32820,우리기술
609324,,100120,뷰웍스
117498,,26890,스틱인베스트먼트
1429840,,372800,아이티아이즈
143794,,5820,원림
1267222,,317530,캐리소프트
293886,,44340,위닉스
162780,,6440,한일건설
183215,,32290,케이디지엠텍
175650,,68060,케이씨더블류
1139497,,217910,에스제이켐
860730,,140910,에이리츠
1359736,,321260,프로이천
145260,,8730,율촌화학
118965,,19180,티에이치엔
125488,,14970,삼륭물산
687711,,104700,한국철강
260879,,42000,카페24
861100,,149010,아이케이세미콘
304915,,190650,코리아에셋투자증권
362159,,65950,웰크론
1235296,,299660,셀리드
1066058,,217950,파마리서치바이오
1303029,,361570,알비더블유
1293388,,322970,무진메디
157991,,4090,한국석유공업
1311286,,317690,퀀타매트릭스
606886,,183490,엔지켐생명과학
1394377,,334890,이지스밸류플러스리츠
118008,,18500,동원금속
561732,,159010,아스플로
132354,,192400,쿠쿠홀딩스
218052,,53740,국제엘렉트릭코리아
595243,,98400,엔스퍼트
133238,,5980,성지건설
143907,,12620,원일특강
132202,,86710,선진뷰티사이언스
657987,,122450,KX
417167,,371950,풍원정밀
178754,,28100,동아지질
631837,,65660,안트로젠
914040,,225330,씨엠에스에듀
159254,,6200,한국전자홀딩스
1395279,,332710,하나금융14호기업인수목적
1414361,,337450,에스케이제5호기업인수목적
1414936,,340350,에스케이제6호기업인수목적
1267967,,305090,마이크로디지탈
367385,,97870,효성오앤비
632793,,110020,전진바이오팜
1366824,,254160,제이엠멀티
168401,,8870,금비
142591,,12250,셰프라인
1407909,,336570,원텍
1390876,,329560,상상인이안제2호기업인수목적
648721,,100840,SNT에너지
145914,,17250,인터엠
329093,,47770,코데즈컴바인
266943,,41140,넥슨지티
493431,,221610,자안바이오
1208849,,267320,나인테크
1338724,,950180,에스앤케이
1135640,,351330,이삭엔지니어링
136341,,5390,신성통상
1182240,,267790,배럴
530185,,102710,이엔에프테크놀로지
360142,,122900,아이마켓코리아
1187458,,270210,에스알바이오텍
1046708,,206640,바디텍메드
298687,,39670,스포츠서울
256955,,55490,테이팩스
688358,,221840,하이즈항공
247975,,36830,솔브레인홀딩스
599151,,289080,SV인베스트먼트
1532603,,378850,화승알앤에이
1399071,,348150,고바이오랩
1613281,,418170,하나금융22호스팩
862880,,107600,새빗켐
107224,,8350,남선알미늄
226228,,66110,한프
872850,,179440,비지스틸
815095,,153490,우리이앤엘
347877,,52190,세영디앤씨
1067242,,228180,비엘사이언스
1183407,,270020,이십일스토어
964595,,317870,엔바이오니아
1415892,,348950,제이알글로벌리츠
121534,,23150,MH에탄올
523936,,297890,HB솔루션
111458,,14160,대영포장
159005,,2000,생고뱅코리아홀딩스
218575,,32560,황금에스티
991191,,174900,앱클론
1350638,,309900,티티씨디펜스
1201590,,270660,에브리봇
245694,,111710,남화산업
134316,,21820,세원정공
1116274,,225860,엠앤씨생명과학
1301623,,146320,비씨엔씨
1393299,,330990,케이비제19호기업인수목적
872452,,176440,미래오토스
1309388,,322180,티라유텍
113058,,88350,한화생명
139685,,30960,양지사
103042,,9070,케이씨티시
138190,,1250,GS글로벌
1117592,,240340,인터코스
120872,,1080,만호제강
830447,,185190,수프로
1160974,,251120,바이오에프디엔씨
565215,,243870,굿센
264787,,33600,럭슬
1265251,,291650,압타머사이언스
1267684,,284740,쿠쿠홈시스
975290,,241840,에이스토리
411905,,182690,테라셈
1414370,,340120,하이제5호기업인수목적
245898,,50320,에스에이치엔엘
157104,,8110,대동전자
110060,,26970,대백저축은행
905316,,153360,하이골드오션3호선박투자회사
867973,,294630,서남
828761,,228670,레이
104698,,680,LS네트웍스
122348,,3610,방림
1264438,,289220,자이언트스텝
1601286,,412930,미래에셋비전스팩1호
170877,,18120,진로발효
136721,,1720,신영증권
963000,,217320,썬테크
1021949,,206560,덱스터
450931,,101970,우양에이치씨
1329957,,307750,국전약품
135777,,16590,신대양제지
866594,,225850,미애부
877819,,263800,데이타솔루션
367844,,317400,자이에스앤디
411048,,101490,에스앤에스텍
656951,,90850,현대이지웰
127200,,5680,삼영전자공업
147222,,950,전방
159731,,19660,글로본
106456,,14590,지앤엘
105475,,53260,금강철강
147295,,6350,전북은행
145464,,25820,이구산업
1108442,,230240,에치에프알
109161,,6890,태경케미컬
529815,,80520,오디텍
101628,,50,경방
816544,,214420,토니모리
363486,,71280,로체시스템즈
111865,,28040,미래SCI
823429,,123690,한국화장품
303396,,54040,한국컴퓨터
1061327,,214150,클래시스
616962,,277070,린드먼아시아
174004,,2920,유성기업
683469,,103590,일진전기
249034,,35430,드림라인
1011526,,348370,엔켐
665630,,151750,테라텍
985686,,182360,큐브엔터
480783,,91580,상신이디피
571483,,138080,오이솔루션
974927,,160550,NEW
123107,,2760,보락
125725,,16670,디모아
899459,,228850,레이언스
357935,,89470,HDC현대EP
220561,,37710,광주신세계
165343,,3010,혜인
148595,,38010,제일테크노스
409964,,106190,하이텍팜
159218,,51600,한전KPS
129615,,27580,상보
233653,,34830,한국토지신탁
258689,,35900,JYP Ent.
141389,,36560,영풍정밀
1117422,,244880,나눔테크
101220,,1390,KG케미칼
491415,,115310,인포바인
152686,,7810,코리아써키트
162993,,3300,한일홀딩스
124027,,11390,부산산업
1409095,,377030,맥스트
800145,,122690,서진오토모티브
145686,,760,이화산업
173102,,12690,모나리자
411385,,78070,유비쿼스홀딩스
660291,,109080,옵티시스
258360,,36090,위지트
118804,,5290,동진쎄미켐
361725,,66270,에스케이커뮤니케이션즈
1124653,,236200,슈프리마
332927,,194370,제이에스코퍼레이션
389110,,51160,지어소프트
266952,,42420,네오위즈홀딩스
398792,,64960,SNT모티브
148920,,4910,조광페인트
1170865,,253590,네오셈
159500,,23350,한국종합기술
484682,,83310,엘오티베큠
136165,,13810,스페코
1437292,,357250,미래에셋맵스리츠
442570,,79370,제우스
580667,,91340,S&K폴리텍
136864,,9270,신원
155373,,93380,풍강
533003,,105740,디케이락
231363,,32640,LG유플러스
336297,,49720,고려신용정보
137809,,1770,SHD
136457,,2360,SH에너지화학
111193,,108380,대양전기공업
442826,,78140,대봉엘에스
159175,,9720,한국전기초자
105101,,15360,예스코홀딩스
490179,,75130,플랜티넷
1258710,,302430,이노메트리
678096,,141070,맥스로텍
220686,,58610,에스피지
429694,,177830,파버나인
1049422,,208640,썸에이지
138598,,36010,아비코전자
673976,,114570,지스마트글로벌
857727,,136480,하림
803425,,123410,코리아에프티
580065,,101160,월덱스
228536,,41440,현대에버다임
118345,,1530,디아이동일
636656,,99430,바이오플러스
476036,,83500,에프엔에스테크
121288,,5360,모나미
1678835,,442130,유진스팩9호
146269,,3200,일신방직
155382,,65940,바이오빌
116408,,25950,동신건설
130684,,17390,서울도시가스
608316,,131220,대한과학
157539,,24120,KB오토시스
671978,,204020,그리티
130091,,7540,샘표
138729,,2310,아세아제지
531014,,84370,유진테크
1584934,,417180,핑거스토리
172936,,4890,동일산업
307222,,57030,YBM넷
232821,,36170,클라우드에어
369170,,51370,인터플렉스
151395,,650,천일고속
235147,,73070,에이팸
530556,,122640,예스티
125743,,4560,현대비앤지스틸
1046203,,204630,스튜디오산타클로스
220057,,32620,유비케어
959229,,258830,세종메디칼
153126,,5740,크라운해태홀딩스
128661,,31330,에스에이엠티
641171,,100030,인지소프트
493510,,85670,뉴프렉스
223434,,36810,에프에스티
131504,,11370,서한
1663055,,430460,한화플러스제3호스팩
864338,,196700,웹스
579980,,84850,아이티엠반도체
1169267,,252500,세화피앤씨
527002,,127980,화인써키트
130383,,6730,서부T&D
146560,,19540,일지테크
325112,,53610,프로텍
925295,,173940,에프엔씨엔터
321204,,76340,관악산업
610083,,141000,비아트론
152127,,36710,심텍홀딩스
1065785,,229500,노브메타파마
496225,,87730,이엠네트웍스
1141599,,261780,차백신연구소
1677429,,440820,엔에이치스팩27호
653024,,272450,진에어
203582,,25750,한솔홈데코
1063990,,215100,로보로보
938721,,161580,필옵틱스
1309795,,297570,알로이스
250997,,120240,대정화금
579999,,98460,고영
599957,,94840,슈프리마에이치큐
117726,,92780,동양피스톤
116806,,12760,하스코
151447,,1490,천지산업
165583,,17940,E1
124805,,7330,푸른저축은행
860332,,138040,메리츠금융지주
307189,,57500,에스케이엔펄스
1669475,,435620,하나금융25호스팩
1217829,,265740,엔에프씨
1675254,,439410,엔에이치스팩26호
1674468,,438580,엔에이치스팩25호
159023,,17670,SK텔레콤
1562589,,383800,LX홀딩스
919966,,215600,신라젠
138297,,11810,STX
160010,,21650,한국큐빅
159795,,17960,한국카본
807379,,243840,신흥에스이씨
118521,,11000,진원생명과학
1264234,,311060,엘에이티
105952,,6260,LS
397252,,67000,조이시티
366517,,112190,KC산업
378628,,60720,KH바텍
897752,,278280,천보
206039,,39240,경남스틸
160621,,3350,한국화장품제조
340096,,100790,미래에셋벤처투자
868705,,136540,윈스
363246,,46940,우원개발
539274,,84690,대상홀딩스
145473,,44960,이글벳
357607,,54410,케이피티유
365624,,90150,아이윈
1180118,,417310,코람코더원리츠
136925,,17000,신원종합개발
575106,,376290,씨유테크
1397772,,365270,큐라클
1440481,,351340,아이비케이에스제13호기업인수목적
1166109,,250930,예선테크
1441611,,376980,원티드랩
533508,,94970,제이엠티
267942,,16600,큐캐피탈
264714,,40610,SG&G
405320,,69080,웹젠
203023,,25320,시노펙스
1506848,,419540,비스토스
609661,,204610,티쓰리
1061497,,214270,FSN
1677678,,440790,교보13호스팩
216498,,37350,성도이엔지
298340,,39440,에스티아이
549891,,214370,케어젠
1244601,,377300,카카오페이
161444,,16830,한국씨티은행
150244,,80,하이트진로
1174038,,254120,자비스
1095704,,225430,케이엠제약
1206717,,448780,마이크로엔엑스
228059,,84110,휴온스글로벌
166528,,100660,서암기계공업
108977,,6370,대구백화점
1187148,,263700,케어랩스
858124,,140670,알에스오토메이션
255044,,39010,현대에이치티
148522,,10820,퍼스텍
335076,,49480,오픈베이스
117188,,4800,효성
134963,,4430,송원산업
270113,,58110,멕아이씨에스
113191,,3690,코리안리
386937,,60000,국민은행
1133217,,323410,카카오뱅크
441650,,115500,케이씨에스
129387,,390,삼화페인트공업
127909,,32280,삼일
243757,,39290,인포뱅크
1032413,,195870,해성디에스
478900,,93190,빅솔론
1419986,,344050,신영해피투모로우제6호기업인수목적
1261893,,281820,케이씨텍
126362,,6400,삼성SDI
1028164,,192530,광주은행
854997,,137310,에스디바이오센서
346966,,52510,에코솔루션
126937,,70,삼양홀딩스
303873,,79160,CJ CGV
1418543,,342550,케이비제20호기업인수목적
148948,,1550,조비
109453,,67250,케이조선
1405390,,347770,핌스
553025,,199150,데이터스트림즈
445160,,79810,디이엔티
124151,,5030,부산주공
679314,,102260,동성케미컬
157070,,25540,한국단자공업
1587056,,419080,엔젯
1146822,,262840,아이퀘스트
965062,,189350,코셋
1513440,,368770,파이버프로
1014718,,361390,제노코
343127,,46840,자유투어
870861,,155650,와이엠씨
1354740,,365900,브이씨
189538,,32580,피델릭스
231354,,37030,파워넷
1032486,,241560,두산밥캣
491938,,130500,GH신소재
1535150,,395400,SK리츠
1437432,,383930,디티앤씨알오
306719,,69510,에스텍
158565,,17890,한국알콜
178851,,60380,동양에스텍
407285,,59100,아이컴포넌트
629212,,131180,딜리
219440,,28080,휴맥스홀딩스
239596,,37760,쎄니트
133089,,15200,성원
1109122,,258540,에스엘테라퓨틱스
1309069,,346010,타이드
117577,,1800,오리온홀딩스
126487,,7700,F&F 홀딩스
1504804,,367460,유안타제7호기업인수목적
577335,,129920,대성하이텍
113508,,320,노루홀딩스
153755,,4100,태양금속공업
132804,,4980,성신양회
1222432,,306040,에스제이그룹
1020843,,217820,원익피앤이
1437186,,365550,ESR켄달스퀘어리츠
862853,,237820,플레이디
106623,,11210,현대위아
157636,,24880,케이피에프
407975,,68420,엔터미디어
174208,,36890,진성티이씨
659976,,265560,영화테크
1160512,,900270,헝셩그룹
1020269,,434190,탈로스
785475,,131390,원익피앤이
255275,,78150,HB테크놀러지
143262,,10400,우진아이엔에스
160861,,11500,한농화성
114093,,4830,덕성
144395,,26960,동서
181299,,89980,상아프론테크
1364747,,399720,가온칩스
347442,,51810,모보
415628,,75580,세진중공업
173740,,5450,신한
654272,,171010,램테크놀러지
373447,,38070,서린바이오
990165,,183190,아세아시멘트
199076,,32960,동일기연
809517,,226350,아이엠텍
165680,,8770,호텔신라
1012987,,357580,아모센스
159342,,25770,한국정보통신
327819,,171090,선익시스템
257732,,101680,한국정밀기계
793155,,220180,핸디소프트
176516,,36190,금화피에스시
684714,,103140,풍산
126371,,9150,삼성전기
148993,,140,하이트진로홀딩스
565154,,214320,이노션
1686755,,441270,파인엠텍
1153293,,322510,제이엘케이
141282,,1890,에이치디씨영창
593032,,93050,LF
103644,,42370,비츠로테크
124799,,7160,사조산업
133511,,4060,SG세계물산
414601,,77500,유니퀘스트
199988,,41930,동아화성
136095,,31920,조은저축은행
416654,,72130,유엔젤
1208885,,267290,경동도시가스
102140,,9140,경인전자
435969,,71200,인피니트헬스케어
171867,,42110,에스씨디
230425,,39860,나노엔텍
287788,,40420,정상제이엘에스
173795,,4080,신흥
307897,,32710,신한카드
159209,,52690,한전기술
1117246,,278990,EMB
1047840,,207760,미스터블루
1246742,,258050,테크트랜스
1419135,,344860,이노진
587457,,94480,갤럭시아머니트리
666204,,217190,제너셈
124276,,8470,부스타
328191,,73010,케이에스피
155151,,43370,피에이치에이
143527,,12320,경동인베스트
611286,,191600,블루탑
138446,,13990,아가방컴퍼니
296263,,51390,YW
269612,,47310,파워로직스
876643,,198080,엔피디
350482,,45300,성우테크론
256715,,43650,국순당
219097,,27410,BGF
127936,,2290,삼일기업공사
154055,,1420,태원물산
447928,,85910,네오티스
144164,,18670,SK가스
1214743,,298540,더네이쳐홀딩스
159564,,25890,한국주강
759294,,122990,와이솔
112165,,92200,디아이씨
149804,,2880,대유에이텍
445799,,93920,서원인텍
366845,,65130,탑엔지니어링
1497869,,363280,티와이홀딩스
109189,,8060,대덕
1316227,,298020,효성티앤씨
222532,,37560,LG헬로비전
1478712,,353200,대덕전자
875237,,352700,씨앤투스
1656374,,430220,신영스팩8호
143314,,15260,에이엔피
138701,,2030,아세아
983271,,181710,엔에이치엔
364306,,81580,성우전자
104537,,6050,국영지앤엠
244783,,52600,한네트
112022,,24890,대원화성
148276,,30000,제일기획
298270,,53800,안랩
1396931,,337840,유엑스엔
152783,,49430,코메론
302926,,64350,현대로템
101336,,8020,경남에너지
167280,,7630,폴루스바이오팜
105299,,14280,금강공업
110893,,3540,대신증권
1689938,,445970,신영스팩9호
1316236,,298000,효성화학
623661,,104830,원익머트리얼즈
159102,,5830,DB손해보험
1076550,,221670,주노콜렉션
108913,,19680,대교
226866,,49070,인탑스
361488,,78000,텔코웨어
220969,,45060,오공
122898,,7210,벽산
1101041,,225590,패션플랫폼
132488,,12580,신세계톰보이
1327092,,317120,라닉스
365758,,52860,아이앤씨
808022,,140410,메지온
626710,,96300,한국월드와이드베트남부동산개발특별자산1호투자회사
939331,,161890,한국콜마
301422,,66590,우수AMS
915508,,148250,알엔투테크놀로지
210980,,32940,원익
296005,,46970,우리로
1077577,,215360,우리산업
231372,,32350,롯데관광개발
221728,,66130,하츠
761952,,123860,아나패스
129271,,9470,삼화전기
164812,,11760,현대코퍼레이션
164645,,11200,HMM
188797,,119500,포메탈
1221752,,388610,지에프씨생명과학
1416457,,341160,하나금융15호기업인수목적
526696,,95270,웨이브일렉트로
1069736,,256150,한독크린텍
660033,,115530,씨엔플러스
1070857,,217600,켐온
540340,,290510,코리아센터
397289,,67170,오텍
1116380,,245450,씨앤에스링크
172291,,12510,더존비즈온
374020,,63760,이엘피
1139965,,408900,스튜디오미르
1335851,,323990,박셀바이오
462121,,73490,이노와이어리스
616290,,123570,이엠넷
126186,,18260,삼성에스디에스
300548,,79430,현대리바트
1109955,,219420,링크제니시스
1571107,,394280,오픈엣지테크놀로지
160047,,240,한국앤컴퍼니
188089,,20000,한섬
164742,,5380,현대자동차
106368,,11780,금호석유화학
264228,,38620,위즈코프
843900,,191410,육일씨엔에쓰
149026,,590,CS홀딩스
256380,,49520,유아이엘
167004,,24060,흥구석유
295370,,39230,제이앤케이인더스트리
1199189,,264850,이랜시스
302120,,54340,피앤텔
112721,,140520,대창스틸
624998,,123330,제닉
123781,,26940,부국철강
604815,,121890,에스디시스템
454946,,83420,그린케미칼
155498,,1310,풍림산업
1188730,,260870,SK시그넷
309831,,61040,알에프텍
1381984,,357880,비트나인
366942,,59090,미코
261285,,36460,한국가스공사
1291317,,393890,더블유씨피
1011562,,194610,우성아이비
1336443,,310870,디와이씨
961774,,179900,유티아이
299844,,254490,미래반도체
154718,,82920,비츠로셀
350020,,49120,파인디앤씨
117382,,4510,디와이홀딩스
125646,,18310,삼목에스폼
106881,,14990,인디에프
131692,,8490,서흥
122737,,28670,팬오션
1311055,,294570,쿠콘
422284,,72870,메가스터디
313649,,48410,현대바이오
107677,,2070,비비안
234227,,56080,유진로봇
145668,,1840,이화공영
527464,,72990,에이치시티
249982,,35610,솔본
110608,,155660,DSR
526836,,95500,미래나노텍
1325429,,306620,네온테크
1059605,,210540,디와이파워
131328,,16140,두함지개발
540429,,90710,휴림로봇
1203808,,265520,AP시스템
398808,,68930,디지털대성
124577,,8120,엠소닉
128175,,14190,원익큐브
970453,,214450,파마리서치
408266,,203450,유니온커뮤니티
1344752,,327970,케어룸의료산업
146861,,33240,자화전자
163345,,12030,DB
252001,,58480,해원에스티
161709,,16800,퍼시스
265005,,57540,옴니시스템
626011,,119830,아이텍
348034,,52790,액토즈소프트
1246034,,290660,네오펙트
1038693,,203650,드림시큐리티
832700,,207490,에이펙스인텍
1261644,,277810,레인보우로보틱스
761059,,251970,펌텍코리아
622787,,377740,바이오노트
676122,,155960,지디
136402,,6880,신송홀딩스
1436336,,349720,이베스트기업인수목적5호
119140,,143210,핸즈코퍼레이션
155452,,23900,풍국주정
1021666,,317330,덕산테코피아
133335,,180,성창기업지주
122481,,14580,태경비케이
123648,,5350,심팩인더스트리
369833,,47400,유니온머티리얼
141307,,670,영풍
1136001,,286750,나노브릭
131054,,1200,유진증권
982023,,257720,실리콘투
151368,,129260,인터지스
185356,,33100,제룡전기
925967,,232530,이엠티
126292,,29780,삼성카드
164973,,1450,현대해상
159698,,71320,지역난방공사
128555,,4690,삼천리
112679,,15230,대창단조
1593242,,406760,하나금융21호스팩
131896,,3100,선광
1113949,,195440,퓨전
406329,,38060,루멘스
1042650,,115180,큐리언트
359076,,64480,브리지텍
439965,,121600,나노신소재
1089378,,219550,디와이디
1487446,,359090,씨엔알리서치
160205,,10040,한국내화
628860,,95660,네오위즈
576789,,113810,디젠스
360674,,56360,코위버
252269,,38880,아이에이
133557,,24940,PN풍년
917861,,192440,슈피겐코리아
1073678,,238120,얼라인드
268011,,33550,일레덱스홀딩스
129280,,11230,삼화전자공업
141608,,14940,오리엔탈정공
130046,,9280,다함이텍
404288,,59120,아진엑스텍
135467,,49830,승일
1365825,,319660,피에스케이
225159,,36530,SNT홀딩스
260383,,6650,대한유화
1301252,,425040,티이엠씨
579971,,94360,칩스앤미디어
1063556,,233990,질경이
364847,,67920,이글루
883980,,143160,아이디스
106395,,1210,금호전기
268251,,39560,다산네트웍스
104999,,8600,윌비스
604426,,119610,인터로조
491053,,86060,진바이오텍
1102095,,225650,쿠첸
121543,,33920,무학
359580,,54800,아이디스홀딩스
145109,,100,유한양행
363927,,53290,NE능률
201131,,32080,아즈텍WB
151298,,69730,DSR제강
528515,,92460,한라IMS
101488,,9450,경동나비엔
925189,,187270,신화콘텍
148504,,110,한국스탠다드차타드은행
132628,,14910,성문전자
397058,,58630,엠게임
989619,,196170,알테오젠
1119651,,276240,엘리비젼
866062,,170920,엘티씨
305297,,52330,코텍
413523,,53690,한미글로벌
185222,,45520,크린앤사이언스
1115044,,251280,안지오랩
142883,,17370,우신시스템
268118,,36690,코맥스
122551,,35150,백산
1188749,,299480,지앤이헬스케어
161781,,25980,아난티
632845,,104620,노랑풍선
612188,,98660,에스티오
265041,,36670,KCI
494476,,88390,이녹스
980122,,175330,JB금융지주
526872,,86890,이수앱지스
1185566,,263920,휴엠앤씨
1505186,,365590,하이딥
1696451,,442310,대신밸런스제14호스팩
137012,,103230,에스앤더블류
487546,,76080,웰크론한텍
273110,,52020,에스티큐브
118275,,3160,디아이
235183,,44780,에이치케이
807397,,121850,코이즈
127857,,2450,삼익악기
115384,,7590,동방아그로
352718,,53110,소리바다
522007,,110790,크리스에프앤씨
133876,,11560,세보엠이씨
665676,,127710,아시아경제
668600,,102370,케이옥션
404701,,123890,한국자산신탁
500254,,78930,GS
113359,,30610,교보증권
1675227,,439250,삼성스팩7호
1624162,,425290,삼성스팩6호
156488,,5010,휴스틸
540447,,86390,유니테스트
347062,,52260,현대바이오랜드
1108099,,227840,현대코퍼레이션홀딩스
264732,,38950,파인디지털
352499,,42500,링네트
400121,,69330,유아이디
879020,,142210,유니트론텍
1568413,,383220,F&F
455981,,80000,에스엔유
295547,,43360,디지아이
186717,,53620,태양
177816,,78600,대주전자재료
351807,,48910,대원미디어
148461,,1560,제일연마
669450,,199290,바이오프로테크
147082,,49630,재영솔루텍
486097,,89600,나스미디어
298377,,40910,아이씨디
963976,,255220,SG
1326224,,307280,원바이오젠
1391033,,338100,NH프라임리츠
177199,,24090,디씨엠
109587,,4780,대륙제관
161976,,16450,한세예스24홀딩스
1196313,,263770,유에스티
447502,,86040,바이오톡스텍
206659,,54210,이랜텍
149770,,440,중앙에너비스
261009,,36620,감성코퍼레이션
1583953,,413300,티엘엔지니어링
166315,,10690,화신
493185,,90470,제이스텍
555740,,110660,툴코리아
117629,,8970,동양철관
188715,,53660,현진소재
435312,,71090,하이스틸
916826,,223250,드림씨아이에스
1187494,,261200,덴티스
1388631,,329020,오션스톤
1674538,,437780,엔에이치스팩24호
1507722,,402420,켈스
246417,,39030,이오테크닉스
1327746,,310210,보로노이
555874,,89590,제주항공
1117413,,314930,바이오다인
406727,,67770,세진티에스
120021,,3550,LG
201788,,65620,제낙스
447982,,74000,에스지피엠
432102,,71050,한국금융지주
231664,,41190,우리기술투자
113526,,3490,대한항공
115065,,23450,동남합성
921916,,357550,석경에이티
162832,,24740,한일단조
266934,,43200,파루
369657,,58470,리노공업
351092,,53700,삼보모터스
763701,,234340,헥토파이낸셜
563518,,126340,비나텍
155692,,37400,우리엔터프라이즈
170558,,21240,코웨이
269940,,39130,하나투어
360577,,54940,엑사이엔씨
129989,,5070,코스모신소재
663669,,114630,폴라리스우노
204262,,30520,한글과컴퓨터
121969,,23960,에쓰씨엔지니어링
357430,,49960,쎌바이오텍
139719,,19210,와이지-원
238153,,37070,파세코
258421,,35460,기산텔레콤
1344336,,226330,신테카바이오
1082348,,226400,오스테오닉
356361,,51910,LG화학
410915,,63170,서울옥션
605124,,117670,알파홀딩스
641393,,101400,엔시트론
1576102,,396690,미래에셋글로벌리츠
1062867,,214680,디알텍
806972,,127160,매직마이크로
148540,,1040,CJ
117212,,150,두산
359623,,72470,우리산업홀딩스
614089,,234070,에이원알폼
242712,,37950,엘컴텍
240857,,38460,바이오스마트
306162,,38540,상상인
203209,,43340,에쎈테크
127042,,2170,삼양통상
541163,,91120,이엠텍
161462,,21080,에이티넘인베스트
109754,,5750,대림비앤코
106641,,270,기아
152880,,3070,코오롱글로벌
138260,,9160,SIMPAC
120526,,23530,롯데쇼핑
126566,,12450,한화에어로스페이스
120562,,4990,롯데지주
485177,,94820,일진파워
261355,,38390,레드캡투어
164724,,17800,현대엘리베이터
423177,,54450,텔레칩스
123541,,890,보해양조
1418260,,354230,폭스소프트
231442,,33130,디지틀조선
1013311,,214180,헥토이노베이션
249247,,37270,YG PLUS
173069,,11400,아진카인텍
1035368,,425420,티에프이
961570,,290520,신도기연
148364,,3380,하림지주
128315,,37460,삼지전자
379229,,60540,에스에이티
1428249,,347140,케이프이에스제4호기업인수목적
923899,,158310,참존글로벌
159616,,34020,두산에너빌리티
997812,,183300,코미코
1042429,,205500,액션스퀘어
695969,,94170,동운아나텍
139764,,11090,에넥스
537832,,94940,푸른기술
140955,,14680,한솔케미칼
162416,,1750,한양증권
334624,,38160,팍스넷
136101,,21880,메이슨캐피탈
117300,,2710,TCC스틸
1051065,,236810,엔비티
128926,,17480,삼현철강
612489,,214430,아이쓰리시스템
1105621,,227950,엔투텍
1065013,,215380,우정바이오
140052,,3800,에이스침대
367455,,92300,현우산업
673301,,120780,전우정밀
1345724,,318660,타임기술
165361,,36840,휴코드홀딩스
105606,,214330,금호에이치티
133618,,2420,세기상사
1142075,,163730,핑거
201742,,48430,유라테크
359261,,72950,빛샘전자
541862,,202960,판도라티비
1689336,,445360,비엔케이제1호스팩
133812,,4360,세방
666064,,108860,셀바스AI
991298,,189330,씨이랩
608839,,96690,에이루트
1018802,,140610,엔솔바이오사이언스
540571,,96870,엘디티
202839,,79170,한창산업
367871,,352940,인바이오
540863,,83450,GST
1051092,,241820,피씨엘
123772,,1270,부국증권
486875,,103840,우양
400060,,67010,이씨에스
158112,,2200,한국수출포장공업
540605,,84680,이월드
1397620,,328130,루닛
1037214,,256940,케이피에스
815767,,123420,위메이드플레이
599106,,94860,네오리진
139083,,13310,아진산업
163196,,2220,한일철강
108135,,5250,녹십자홀딩스
109718,,3960,사조대림
994994,,187790,나노
977696,,194510,넥스쳐
201733,,32540,TJ미디어
100939,,860,강남제비스코
1139035,,277880,티에스아이
1047451,,208370,셀바스헬스케어
1179617,,256840,한국비엔씨
569646,,143540,영우디에스피
423690,,68290,삼성출판사
152260,,16920,카스
398668,,65510,휴비츠
492353,,170790,파이오링크
533924,,131400,이브이첨단소재
531078,,84440,유비온
694942,,115610,이미지스
340272,,50760,에스폴리텍
1067516,,215000,골프존
867849,,173130,오파스넷
152039,,1380,SG글로벌
587466,,92230,KPX홀딩스
1158553,,274090,켄코아에어로스페이스
141413,,12280,영화금속
684732,,103160,풀무원식품
535375,,139670,키네마스터
288343,,65570,삼영이엔씨
993931,,228340,동양파일
115287,,4140,동방
1128613,,241590,화승엔터프라이즈
166227,,6060,화승인더스트리
1071041,,311690,CJ 바이오사이언스
102760,,11160,두산건설
796994,,120030,조선선재
1514519,,373340,유진기업인수목적6호
117966,,13120,동원개발
353878,,58730,다스코
957735,,237880,클리오
1724417,,454640,하나29호스팩
158325,,30190,NICE평가정보
151863,,12600,청호ICT
412348,,61970,LB세미콘
654175,,147760,피엠티
760971,,259960,크래프톤
261373,,38290,마크로젠
599489,,140290,청광건설
1375822,,397030,에이프릴바이오
534701,,396300,세아메카닉스
819073,,216050,인크로스
122579,,1460,BYC
959210,,448710,코츠테크놀로지
1766167,,458320,KB제26호스팩
1343735,,348840,데이드림엔터테인먼트
519252,,89230,THE E&M
1367586,,417500,제이아이테크
1165739,,950140,잉글우드랩
1112889,,239890,피엔에이치테크
1573381,,412350,레이저쎌
815369,,123700,에스제이엠
1724338,,454750,하나28호스팩
301246,,36540,SFA반도체
161125,,18880,한온시스템
356802,,60280,큐렉소
1506990,,380540,옵티코어
1099861,,224110,에이텍모빌리티
156354,,13870,지엠비코리아
551920,,92730,네오팜
1488320,,378340,필에너지
197759,,25560,미래산업
400857,,78520,에이블씨엔씨
194947,,130660,한전산업
1744703,,457940,SK증권제10호스팩
1712616,,451700,엔에이치스팩29호
1724709,,455250,KB제25호스팩
1026616,,221800,유투바이오
1085026,,240600,유진테크놀로지
1263022,,282330,BGF리테일
1591606,,405350,아이비케이에스제17호기업인수목적
108612,,17860,DS단석
1791321,,469880,하나30호스팩
1528530,,377630,삼성기업인수목적4호
693554,,104480,티케이케미칼
1032404,,200130,콜마비앤에이치
149293,,10,신한은행
152385,,7460,에이프로젠
180865,,31860,에스유홀딩스
606664,,105330,케이엔더블유
1676989,,440200,케이비제23호기업인수목적
1305869,,188260,세니젠
1785551,,464680,KB제27호스팩
561723,,88280,쏘닉스
112819,,17680,데코앤에프
1447217,,353070,에이치엠씨아이비제4호기업인수목적
299358,,102210,트레스
1683387,,442900,미래에셋드림스팩1호
134477,,3570,SNT다이내믹스
160375,,10640,진양폴리우레탄
765897,,448900,한국피아이엠
138279,,10950,S-Oil
160418,,10100,한국무브넥스
1568875,,388220,하나금융19호기업인수목적
1146220,,271830,팸텍
145552,,5950,이수화학
304076,,53080,케이엔솔
167031,,10240,흥국
449379,,67990,도이치모터스
116949,,7340,DN오토모티브
239514,,54090,삼진엘앤디
269241,,44380,주연테크
1163050,,271850,다이오진
1259418,,290670,대보마그네틱
580056,,99440,스맥
1751448,,457390,대신밸런스제15호스팩
206084,,33020,세아메탈
619640,,101360,에코앤드림
302582,,71850,캐스텍코리아
770312,,195500,마니커에프앤지
1227039,,288330,브릿지바이오
1767494,,462020,에이치엠씨제6호스팩
220613,,92790,넥스틸
1082418,,419530,SAMG엔터
302236,,52960,태양3C
530413,,224060,더코디
1328639,,900340,윙입푸드
191287,,20400,대동금속
1605529,,438700,버넥트
1144028,,260930,씨티케이
1049167,,214610,미코바이오메드
1063884,,215090,휴센텍
176914,,23590,다우기술
1195828,,311840,대원모방
1580178,,397500,대신밸런스제11호기업인수목적
1504910,,367480,유안타제8호기업인수목적
495633,,146060,율촌
787057,,115160,휴맥스
117258,,27390,한화갤러리아타임월드
450010,,308170,씨티알모빌리티
120076,,1120,LX인터내셔널
297934,,51380,피씨디렉트
121686,,33160,엠케이전자
537221,,216400,인바이츠바이오코아
160232,,44450,KSS해운
1311408,,450080,에코프로머티
409371,,79950,인베니아
401731,,66570,LG전자
525882,,96240,크레버스
1516368,,419120,산돌
1456011,,376300,디어유
508344,,210980,SK디앤디
1368637,,340930,유일에너테크
896753,,159910,스킨앤스킨
892526,,263020,디케이앤디
138321,,8670,신한투자증권
479705,,79190,케스피온
1297898,,377480,마음AI
1042085,,205100,엑셈
1414422,,339950,아이비김영
410997,,69140,누리플랜
108065,,15540,에코바이브
120289,,26040,제이에스티나
807555,,133750,메가엠디
1305249,,330730,스톤브릿지벤처스
494218,,73110,엘엠에스
527011,,376190,LB루셈
799539,,122310,제노레이
1585155,,440320,오픈놀
111722,,6800,미래에셋증권
287812,,38870,에코바이오
1136348,,242040,나무기술
1497142,,373170,엠아이큐브솔루션
244419,,33430,디에스티
1267550,,288490,나라소프트
1292291,,440110,파두
147860,,10580,에스엠벡셀
536888,,93640,케이알엠
140362,,5560,제이에스전선
1447244,,353060,에이치엠씨아이비제5호기업인수목적
148832,,6220,제주은행
1696275,,446750,하나26호스팩
425351,,67280,멀티캠퍼스
1567520,,387310,대신밸런스제10호기업인수목적
217743,,39610,화성밸브
128227,,9770,삼정펄프
681142,,102280,쌍방울
1013694,,211050,인카금융서비스
1785056,,466910,엔에이치스팩30호
1080252,,348210,넥스틴
866451,,396470,워트
1547933,,351020,미쥬
1161432,,199550,레이저옵텍
1416572,,340440,세림B&G
352000,,49130,하우리
114154,,24900,덕양산업
193009,,33180,KH 필룩스
145437,,12170,아센디오
1275665,,302550,리메드
1775952,,464440,한국제13호스팩
384948,,290380,대유
255619,,35250,강원랜드
670085,,138690,엘아이에스
1402995,,432470,케이엔에스
260611,,43590,웰킵스하이텍
158316,,34310,NICE
583424,,90430,아모레퍼시픽
1535257,,380440,엔에이치기업인수목적19호
155212,,22100,포스코DX
1251595,,293780,압타바이오
1494154,,389030,지니너스
1021639,,405920,나라셀라
173661,,1970,에스지신성건설
103547,,18620,우진비앤지
113997,,20150,롯데에너지머티리얼즈
144012,,8370,원풍
173032,,25900,동화기업
185046,,48550,SM C&C
480455,,77970,STX엔진
228350,,56700,신화인터텍
123143,,3850,보령
520610,,101240,씨큐브
990396,,266170,뿌리깊은나무들
1135084,,365330,에스와이스틸텍
609634,,101390,아이엠
130587,,27040,서울전자통신
133751,,17510,세명전기
137234,,12860,모베이스전자
255433,,42510,라온시큐어
260745,,36120,SCI평가정보
389970,,64260,다날
602172,,251370,와이엠티
812362,,141020,디에스앤엘
305570,,43710,서울리거
706715,,107590,미원홀딩스
361594,,68790,DMS
363592,,54920,한컴위드
1116344,,208850,이비테크
488402,,92190,서울바이오시스
535481,,109610,에스와이
536541,,86520,에코프로
995993,,180400,DXVX
367695,,60900,DGP
178790,,79960,동양이엔피
911229,,232680,라온테크
106313,,2990,금호건설
390365,,51360,토비스
256502,,45660,에이텍
156600,,198940,한주라이트메탈
1584183,,432720,퀄리타스반도체
1309421,,452160,제이엔비
365934,,89890,코세스
1181807,,308100,까스텔바작
1534577,,362320,청담글로벌
755739,,106240,파인테크닉스
204208,,27740,마니커
828789,,128820,대성산업
1112700,,246250,에스엘에스바이오
125576,,33250,체시스
1203376,,264450,유비쿼스
1602638,,430690,한싹
1472930,,417860,오브젠
249502,,35290,골드앤에스
145880,,4020,현대제철
1365384,,379390,이성씨엔아이
1591262,,404950,디비금융제10호기업인수목적
607496,,452190,한빛레이저
129420,,13700,까뮤이앤씨
259590,,35620,바른손이앤에이
855163,,134380,미원화학
572905,,95340,ISC
788737,,134060,이퓨쳐
584362,,81970,케이엑스넥스지
1023822,,236340,메디젠휴먼케어
372688,,57680,티사이언티픽
229030,,354320,알멕
125521,,5850,에스엘
1363818,,330590,롯데리츠
965512,,418420,라온텍
441304,,78890,가온그룹
619507,,112290,와이씨켐
1267958,,303360,프로티아
1156795,,296160,프로젠
1497124,,452300,캡스톤파트너스
269852,,41020,폴라리스오피스
118026,,6040,동원산업
115612,,5960,동부건설
109310,,8830,대동기어
135917,,370,한화손해보험
472890,,75970,동국알앤에스
191588,,23000,삼원강재
1060814,,272550,삼양패키징
1205851,,267260,HD현대일렉트릭
675594,,187220,디티앤씨
1576713,,396770,엔에이치기업인수목적22호
1012640,,298830,슈어소프트테크
965318,,274400,이노시뮬레이션
1760640,,456490,교보14호스팩
552859,,115450,HLB테라퓨틱스
456218,,80160,모두투어
1579020,,456570,아이엠지티
1593668,,321370,센서뷰
1089855,,220630,맘스터치앤컴퍼니
813389,,177350,베셀
480367,,100090,SK오션플랜트
127255,,3720,삼영
146542,,8500,일정실업
531917,,108230,톱텍
596677,,93520,매커스
1450105,,353490,미래에셋대우기업인수목적5호
1134216,,417790,트루엔
115676,,16380,KG스틸
1096341,,225570,넥슨게임즈
1631658,,426670,대신밸런스제12호기업인수목적
1136977,,439090,마녀공장
535746,,63080,컴투스홀딩스
614593,,137940,넥스트아이
1030132,,192520,경남은행
1215618,,273640,와이엠텍
910947,,155900,바다로19호선박투자회사
800084,,900120,씨엑스아이
1505469,,367360,디비금융제9호기업인수목적
1047707,,208710,바이오로그디바이스
195229,,81660,휠라홀딩스
114552,,2150,도화엔지니어링
116301,,8260,NI스틸
163318,,6920,모헨즈
117179,,13570,디와이
177320,,36480,대성미생물
121570,,8420,문배철강
361381,,54950,제이브이엠
142865,,24070,WISCOM
490151,,91700,파트론
958451,,452280,한선엔지니어링
130772,,34120,SBS
138747,,50860,아세아텍
483735,,76610,해성옵틱스
359474,,58420,제이웨이
120571,,5300,롯데칠성음료
231105,,33500,동성화인텍
670766,,347890,엠투아이
133991,,19440,세아특수강
1030503,,457550,우진엔텍
1792825,,471050,대신밸런스제17호스팩
1250374,,275630,에스에스알
260958,,36030,케이티알파
885906,,148930,에이치와이티씨
1738483,,457630,대신밸런스제16호스팩
364740,,100590,머큐리
143651,,16880,웅진
563837,,159580,제로투세븐
778235,,246690,TS인베스트먼트
1207716,,129890,앱코
172228,,85310,엔케이
759513,,108670,LX하우시스
852087,,134790,시디즈
1042775,,204320,HL만도
1350869,,316140,우리금융지주
204642,,33830,티비씨
163512,,2320,한진
1493535,,363260,모비데이즈
180795,,23810,인팩
524786,,86670,비엠티
646732,,100250,진양홀딩스
1335578,,310200,애니플러스
1680131,,447690,아이오바이오
564562,,97520,엠씨넥스
1622720,,432320,KB스타리츠
874797,,456700,길교이앤씨
1725160,,455310,한화플러스제4호스팩
615723,,123010,아이윈플러스
1526949,,377400,하이제6호기업인수목적
430089,,70080,삼보오토
1029394,,230360,에코마케팅
398701,,66970,엘앤에프
907013,,152550,한국ANKOR유전
960641,,168490,한국패러랠
105040,,12340,뉴인텍
147772,,45510,정원엔시스
152437,,64820,케이프
204226,,32680,소프트센
243067,,14470,부방
303192,,66900,디에이피
353762,,54780,키이스트
173999,,24800,유성티엔에스
412597,,57050,현대홈쇼핑
348292,,47080,한빛소프트
862312,,105760,포스뱅크
942131,,238090,앤디포스
115694,,16610,DB금융투자
1700374,,448370,하나27호스팩
578130,,149300,아퓨어스
1060735,,223220,로지스몬
356389,,35200,프럼파스트
365590,,67630,HLB생명과학
1190780,,266870,파워풀엑스
657756,,135160,무송지오씨
418379,,43910,자연과환경
475718,,83470,이엠앤아이
526951,,95190,이엠코리아
1397903,,354200,엔젠바이오
309503,,47810,한국항공우주
356927,,54630,에이디칩스
1023318,,347000,센코
1596665,,409570,한국제10호기업인수목적
309460,,440290,HB인베스트먼트
652007,,241770,메카로
769158,,272110,케이엔제이
808068,,138360,협진
1108248,,228760,지노믹트리
1407158,,333050,모코엠시스
757816,,149940,모다
1263527,,284620,카이노스메드
102113,,12610,경인양행
596260,,79970,투비소프트
219574,,44820,코스맥스비티아이
145598,,102460,이연제약
454399,,80010,이상네트웍스
542074,,91970,나노캠텍
1468061,,443250,레뷰코퍼레이션
1476219,,355150,코스텍시스
1043853,,206400,베노티앤알
409672,,84870,티비에이치글로벌
306870,,66910,손오공
425254,,257990,나우코스
664048,,115440,우리넷
1652970,,427950,하나금융23호기업인수목적
591441,,102120,어보브반도체
1158632,,250030,진코스텍
138057,,4770,써니전자
162081,,19560,한국투자파트너스
1053540,,220100,퓨쳐켐
605328,,264660,씨앤지하이테크
127802,,4380,삼익THK
109693,,210,DL
372253,,115960,연우
1325979,,306200,세아제강
598198,,307930,컴퍼니케이
355089,,45340,토탈소프트
132725,,3080,성보화학
117267,,82640,동양생명
537337,,92600,앤씨앤
674498,,121440,골프존뉴딘홀딩스
1797440,,472230,SK증권제11호스팩
1406618,,335890,비올
1586455,,407400,꿈비
128607,,24950,삼천리자전거
468374,,74600,원익QnC
672603,,199430,케이엔알시스템
689418,,111820,지유온
1760738,,456040,OCI
108746,,15590,KIB플러그에너지
260569,,36200,유니셈
1669226,,451800,한화리츠
370255,,64520,테크엘
138303,,10280,쌍용정보통신
159971,,9440,KC그린홀딩스
1495180,,388870,파로스아이바이오
1357446,,370090,퓨런티어
444329,,112040,위메이드
385415,,68330,일신바이오
405959,,115570,스타플렉스
236863,,37440,희림
1218299,,448280,에코아이
688996,,105560,KB금융
923792,,168330,내츄럴엔도텍
1042711,,204620,글로벌텍스프리
1062177,,225220,제놀루션
1182578,,290120,DH오토리드
1787072,,468760,유진스팩10호
110431,,67290,JW신약
1027828,,445180,퓨릿
1791561,,469900,하나31호스팩
1800285,,473370,비엔케이제2호스팩
161408,,21960,케이비캐피탈
1097906,,226360,KH 건설
682992,,298870,우리벤처파트너스
367710,,111380,동인기연
479787,,64290,인텍플러스
117744,,60,메리츠화재해상보험
104786,,7120,미래아이앤지
611912,,125210,아모그린텍
101433,,2100,경농
876209,,208890,미래엔에듀파트너
188973,,61250,화일약품
273420,,47560,이스트소프트
411808,,418550,제이오
1717170,,452670,상상인제4호스팩
1011395,,294140,레몬
1293953,,356890,싸이버원
692254,,114840,아이패밀리에스씨
351995,,53050,지에스이
109824,,6570,대림통상
1462605,,388050,지투파워
957373,,168360,펨트론
1513699,,389140,포바이포
126201,,6660,삼성공조
760999,,263810,상신전자
271501,,45970,코아시아
1031502,,196450,코아시아씨엠
263140,,46400,휴스토리
1806951,,472850,폰드그룹
916516,,189980,흥국에프엔비
111014,,7640,애큐온저축은행
604028,,376180,피코그램
1113499,,232830,시큐센
133858,,4490,세방전지
159786,,14830,유니드
406392,,138250,엔에스쇼핑
816933,,285800,진영
1705625,,450050,하이제8호스팩
446479,,70480,신비앤텍
1685251,,451760,컨텍
638487,,150900,파수
642897,,99390,브레인즈컴퍼니
359395,,84990,헬릭스미스
1632851,,426550,아이비케이에스제19호기업인수목적
618401,,114120,크루셜텍
1702017,,446070,유니드비티플러스
533191,,82800,비보존 제약
556907,,88800,에이스테크
913689,,148150,세경하이테크
1080687,,227610,아우딘퓨쳐스
1237434,,300080,플리토
266961,,35420,NAVER
1188378,,269620,시스웍
890388,,138290,지성이씨에스
578538,,130740,티피씨글로벌
164876,,3450,케이비증권
610861,,169670,코스텍시스템
1419384,,343510,하나금융16호기업인수목적
1700921,,448740,삼성스팩8호
146436,,67570,엔브이에이치코리아
531865,,241690,유니테크노
1762569,,457190,이수스페셜티케미컬
1731453,,456440,DB금융스팩11호
122694,,2410,범양건영
141556,,39830,오로라
544452,,88260,이리츠코크렙
405719,,52460,아이크래프트
1386916,,361610,SK아이이테크놀로지
455875,,79000,와토스코리아
602279,,186230,그린플러스
624749,,317830,에스피시스템스
1343665,,327260,RF머트리얼즈
547583,,86790,하나금융지주
261054,,37370,EG
990563,,242350,피엔아이컴퍼니
1514528,,366330,신한제7호기업인수목적
1118139,,336040,타스컴
149655,,28260,삼성물산
1712485,,450140,코오롱모빌리티그룹
160302,,5420,코스모화학
1264872,,303530,이노뎁
1042979,,205470,휴마시스
154462,,2790,아모레퍼시픽그룹
858364,,138930,BNK금융지주
205003,,33340,좋은사람들
356839,,54180,메디콕스
1318261,,299170,더블유에스아이
1437858,,363250,진시스템
161693,,9240,한샘
147994,,42600,새로닉스
1524507,,291810,핀텔
176835,,54050,농우바이오
105280,,5440,현대지에프홀딩스
230814,,78590,휴림에이텍
117276,,7390,네이처셀
983934,,289010,아이스크림에듀
154426,,3560,아이에이치큐
1242241,,411080,샌즈랩
302078,,50540,엠피씨플러스
1398151,,331520,밸로프
336817,,47920,HLB제약
124780,,14710,사조씨푸드
857480,,143240,사람인
139214,,810,삼성화재해상보험
166500,,10660,화천기계
787376,,117580,대성에너지
262266,,437730,삼현
1011872,,238170,엔에스엠
990262,,150440,피노텍
426086,,69260,티케이지휴켐스
1135941,,240810,원익IPS
583026,,72770,율호
445841,,86960,MDS테크
173351,,32750,삼진
1221947,,271780,비엔에프머티리얼즈
296324,,51780,큐로홀딩스
1515864,,396270,넥스트칩
1513404,,372290,하나머스트7호기업인수목적
1676642,,452430,사피엔반도체
1222867,,216080,제테마
165103,,5670,푸드웰
1387164,,378800,샤페론
548519,,86460,큐러블
1336373,,235980,메드팩토
323868,,53580,웹케시
142713,,11080,형지I&C
1524118,,417010,나노팀
121932,,2840,미원상사
362858,,53280,예스24
525642,,102940,코오롱생명과학
617998,,234100,폴라리스세원
219486,,35510,신세계I&C
869272,,189860,서전기전
299002,,60980,HL홀딩스
356370,,51900,LG생활건강
377610,,58650,세아홀딩스
535676,,89030,테크윙
339072,,54300,팬스타엔터프라이즈
1016479,,322310,오로스테크놀로지
1101722,,226440,한송네오텍
353610,,53350,이니텍
1099667,,217480,에스디생명공학
664288,,245030,스페이스솔루션
886792,,162120,루켄테크놀러지스
1033591,,405100,큐알티
115472,,2670,미주제강
1110058,,199730,바이오인프라
795135,,120110,코오롱인더
878696,,326030,에스케이바이오팜
231901,,309960,LB인베스트먼트
1267170,,285130,SK케미칼
1413371,,343090,HLB사이언스
155735,,6140,피제이전자
605522,,290690,소룩스
111218,,44180,KD
1236532,,273060,와이즈버즈
181943,,25530,에스제이엠홀딩스
450339,,112240,에스에프씨
595191,,93370,후성
1351080,,358570,지아이이노베이션
820352,,131760,파인텍
120216,,2550,KB손해보험
136271,,11930,신성이엔지
426828,,68100,케이웨더
764807,,183410,골프존데카
149239,,18470,조일알미늄
1498974,,445680,큐리옥스바이오시스템즈
833064,,259630,엠플러스
1526806,,419050,삼기이브이
1328170,,317860,노드메이슨
1365038,,389020,자람테크놀로지
1231786,,317770,엑스페릭스
1505450,,367340,디비금융제8호기업인수목적
612294,,137400,피엔티
264547,,35600,KG이니시스
104768,,500,가온전선
405278,,46440,KG모빌리언스
118266,,4840,DRB동일
876166,,318000,KBG
234412,,31430,신세계인터내셔날
1179608,,256630,포인트엔지니어링
382199,,55550,신한지주
595182,,158430,아톤
626464,,119850,지엔씨에너지
1137903,,290550,디케이티
1274310,,294090,이오플로우
1310773,,333620,엔시스
1442115,,950200,소마젠
1569102,,388790,라이콤
167208,,3280,흥아해운
756163,,206950,볼빅
1528141,,417200,LS머트리얼즈
297961,,43290,케이맥
1335930,,321550,티움바이오
1147487,,406820,뷰티스킨
144021,,8290,원풍물산
1065679,,215790,이노인스트루먼트
493325,,172670,에이엘티
1705777,,450410,엔에이치기업인수목적28호
492706,,109670,씨싸이트
150165,,18290,브이티
201432,,54220,비츠로시스
1725577,,455910,SK증권제9호스팩
390514,,65440,이루온
165060,,13030,하이록코리아
545716,,89860,롯데렌탈
767460,,178920,PI첨단소재
972503,,271940,일진하이솔루스
1047415,,208140,정다운
1205842,,267270,HD현대건설기계
1205514,,456190,큐라켐
599595,,126600,BGF에코머티리얼즈
141626,,2630,오리엔트바이오
104573,,78130,국일제지
1144569,,257370,피엔티엠에스
1093007,,229640,LS에코에너지
521433,,93510,엔지브이아이
1423837,,288980,모아데이타
571298,,263600,덕우전자
152729,,17900,광전자
765569,,420770,기가비스
562360,,97780,에코볼트
693651,,121800,비덴트
186799,,44490,태웅
660459,,247660,나노씨엠에스
1383229,,417840,저스템
442631,,116100,태양기계
920379,,356860,티엘비
105165,,6250,극동전선
149594,,23760,한국캐피탈
170026,,20710,시공테크
607797,,224810,엄지하우스
1187865,,267810,앙츠
1555215,,424960,스마트레이더시스템
159740,,1940,KISCO홀딩스
231707,,32850,비트컴퓨터
360595,,86280,현대글로비스
273439,,41920,메디아나
1796858,,472220,신영스팩10호
403632,,126560,현대퓨처넷
1540815,,415380,스튜디오삼익
364403,,50890,쏠리드
1765256,,460850,동국씨엠
208444,,31980,피에스케이홀딩스
161860,,3680,한성기업
1237540,,272290,이녹스첨단소재
1596656,,408920,메쎄이상
480950,,93230,이아이디
554024,,91990,셀트리온헬스케어
148531,,23440,제이스코홀딩스
122472,,1340,백광산업
428251,,69960,현대백화점
135962,,4970,신라교역
1336461,,348340,뉴로메카
1015160,,332570,와이팜
187415,,41960,코미팜
378220,,66410,버킷스튜디오
163673,,3480,한진중공업홀딩스
447609,,90460,비에이치
106119,,1570,금양
108940,,16710,대성홀딩스
651017,,293580,나우IB
1583397,,400560,하나금융20호기업인수목적
1792791,,469480,IBKS제24호스팩
617314,,219130,타이거일렉
416414,,89140,넥스턴바이오
939687,,163560,동일고무벨트
120906,,65420,에스아이리소스
219848,,35890,서희건설
1256864,,298380,에이비엘바이오
1205709,,267250,HD현대
568188,,98120,마이크로컨텍솔
140964,,9970,영원무역홀딩스
311270,,216280,원텍
110547,,3050,넥상스코리아
1364297,,322780,코퍼스코리아
254045,,30,우리은행
1579570,,418250,시큐레터
132637,,14820,동원시스템즈
347734,,51630,진양화학
1199550,,322000,HD현대에너지솔루션
543107,,80580,오킨스전자
371485,,89010,켐트로닉스
1462739,,413640,비아이매트릭스
164502,,170030,현대공업
1010110,,192080,더블유게임즈
1189438,,278650,HLB바이오스텝
1190513,,267060,명진홀딩스
1721809,,453340,현대그린푸드
106669,,1430,세아베스틸지주
140061,,22220,TKG애강
156910,,19550,SBI인베스트먼트
155124,,10770,평화홀딩스
172945,,23790,동일철강
160843,,990,DB하이텍
156895,,27360,아주IB투자
367604,,63440,SM Life Design
209443,,33660,우리금융캐피탈
155531,,5810,풍산홀딩스
657002,,200710,에이디테크놀로지
380429,,58820,CMG제약
1315042,,340810,씨유박스
1430475,,357120,코람코라이프인프라리츠
138695,,13340,뉴아세아
1323032,,381970,케이카
173078,,9900,명신산업
365387,,95570,AJ네트웍스
526678,,99410,동방선기
459871,,72710,농심홀딩스
601988,,402030,코난테크놀로지
573579,,90080,평화산업
634728,,92130,이크레더블
861076,,145270,케이탑리츠
910840,,192390,윈하이텍
152589,,27050,코리아나
562245,,124560,태웅로직스
184667,,23410,유진기업
442561,,73540,에프알텍
109781,,17650,대림제지
1181515,,290650,엘앤씨바이오
1223219,,312610,에이에프더블류
1258428,,334970,프레스티지바이오로직스
1396676,,333430,일승
361266,,56000,코원플레이
1621280,,424140,케이비제21호스팩
1055317,,215050,비엔디생활건강
1051472,,229000,젠큐릭스
173591,,24830,세원물산
190321,,30200,케이티
1344202,,338220,뷰노
252135,,36930,주성엔지니어링
776820,,111770,영원무역
991225,,302920,더콘텐츠온
599285,,140070,서플러스글로벌
138367,,23770,플레이위드
867478,,154030,아시아종묘
550994,,99190,아이센스
666329,,176590,코나솔
1566248,,383310,에코프로에이치엔
1692321,,446190,미래에셋비전스팩2호
107613,,7660,이수페타시스
113225,,84010,대한제강
118451,,2690,동일제강
117708,,12700,리드코프
261656,,49550,잉크테크
961507,,258610,케일럼
139454,,18250,애경산업
1546101,,451220,아이엠티
1786514,,468510,삼성스팩9호
407771,,73190,듀오백
1475609,,377190,디앤디플랫폼리츠
140779,,14440,영보화학
1534522,,380320,삼성머스트기업인수목적5호
1091382,,222810,세토피아
105138,,33540,파라텍
1187175,,285770,라이프사이언스테크놀로지
1622331,,424760,벨로크
1344831,,315640,딥노이드
922304,,136410,아셈스
226352,,32500,케이엠더블유
925587,,348350,위드텍
1394669,,332290,누보
545114,,84650,랩지노믹스
872656,,282720,금양그린파워
134565,,15020,이스타코
125822,,9620,삼보산업
143226,,33310,엠투엔
138792,,20560,아시아나항공
141477,,12160,영흥
219361,,34810,해성산업
228712,,88910,동우팜투테이블
244561,,35080,그래디언트
140858,,7530,와이엠
1781847,,465320,교보15호스팩
1226234,,338840,와이바이오로직스
667373,,460930,현대힘스
1186671,,281310,바이오시네틱스
136624,,5800,신영와코루
1259232,,285490,노바텍
124540,,47040,대우건설
193328,,126720,수산인더스트리
248974,,293480,하나제약
300557,,71460,위니아
308896,,68940,셀피글로벌
671376,,91810,티웨이항공
364254,,85810,알티캐스트
413417,,73560,우리손에프앤지
344287,,42670,HD현대인프라코어
296078,,54620,APS
624378,,424980,마이크로투나노
148610,,3530,한화투자증권
222213,,39870,피케이엘
250614,,54540,삼영엠텍
330424,,78020,LS증권
1816268,,478390,KB제29호스팩
495554,,90740,와이앤넥스트
939942,,189690,포시에스
230911,,36640,HRS
498001,,101330,모베이스
397243,,66350,티엔아이
454937,,90410,덕신이피씨
164609,,10620,HD현대미포
842585,,153460,네이블
978075,,179720,머니무브
1150515,,389260,대명에너지
945208,,161570,더미동
109514,,4870,티웨이홀딩스
127954,,51500,CJ프레시웨이
1442966,,357430,마스턴프리미어리츠
1148909,,284420,휴럼
369569,,50090,비케이홀딩스
117230,,2900,TYM
874803,,211270,AP위성
1702424,,448830,미래에셋비전스팩3호
366438,,62040,산일전기
393469,,65560,녹원씨엔아이
442835,,90370,메타랩스
349732,,52400,코나아이
560122,,91440,한울소재과학
341916,,48260,오스템임플란트
241236,,37340,에이치씨코퍼레이션
390860,,65150,대산F&B
447487,,80220,제주반도체
350048,,52420,오성첨단소재
337296,,122830,원포유
1084364,,208860,엔지스테크널러지
1185867,,341170,퓨쳐메디신
1230255,,276730,제주맥주
305941,,145170,노브랜드
677334,,102950,아하
1818682,,479880,한국제15호스팩
409140,,88290,이원컴포텍
450995,,317850,대모
1784394,,465770,STX그린로지스
202060,,53270,구영테크
161116,,14790,HL D&I
217947,,34300,신세계건설
1251489,,300120,라온피플
156859,,30210,다올투자증권
838962,,131370,알서포트
980043,,148780,비큐AI
137915,,7820,에스엠코어
370200,,66430,와이오엠
1011368,,295310,에이치브이엠
103121,,17160,세븐코스프
103325,,2540,고제
1026157,,403550,쏘카
130763,,46890,서울반도체
114765,,1620,케이비아이동국실업
1190568,,278470,에이피알
625942,,114810,한솔아이원스
1405585,,335870,윙스풋
105244,,2250,알보젠코리아
106508,,6070,기린
107923,,1950,남한제지
110051,,36490,에스케이머티리얼즈
111227,,6580,대양제지공업
148896,,10060,OCI홀딩스
264103,,44770,에이엠에스
264839,,39060,아이비진
132992,,15750,성우하이텍
177870,,96350,대창솔루션
141273,,10600,웰바이오텍
145190,,3460,유화증권
153339,,15890,태경산업
186559,,31820,콤텍시스템
365457,,89790,제이티
660121,,196490,디에이테크놀로지
1137383,,293490,카카오게임즈
1284751,,429270,시지트로닉스
1785700,,467930,IBKS제23호스팩
1672114,,436610,한국제11호기업인수목적
909835,,351870,차이커뮤니케이션
1326279,,307180,아이엘사이언스
117027,,1780,알루코
146427,,58450,한주에이알티
1357765,,348080,큐라티스
1409022,,187660,현대ADM
1706794,,464500,아이언디바이스
159874,,9760,한국지주
134176,,13000,세우글로벌
408956,,72520,제넨바이오
111829,,16890,대웅바이오
112004,,3190,알바이오
115427,,4660,신동방CP
116499,,6600,동신제약
1182444,,268600,셀리버리
238977,,134780,에스엠화진
1212383,,262760,엔케이맥스
683007,,70300,엑스큐어
163716,,5110,한창
1014055,,234300,에스트래픽
1817081,,475150,SK이터닉스
1436479,,393210,토마토시스템
544577,,89970,브이엠
1807729,,475250,하나33호스팩
645089,,104200,NHN벅스
118460,,19300,태림페이퍼
120508,,2270,롯데푸드
121251,,28090,네오퍼플
127024,,8720,삼양엔텍
503899,,79660,사조해표
126380,,5930,삼성전자
110875,,20180,대신정보통신
1336762,,347700,라이프시맨틱스
1494118,,376930,노을
132105,,3940,삼양제넥스
132114,,14300,선진지주
1018167,,260490,캐로스
138376,,41550,쎄라텍
139418,,21570,알루코
1765265,,460860,동국제강
149248,,9380,아세아페이퍼텍
149840,,5600,중앙제지
151252,,4530,에스와이
158909,,4940,하나은행
1406265,,432430,와이랩
156150,,19490,하이트론씨스템즈
1251577,,290270,휴네시온
1815764,,478110,이베스트스팩6호
163682,,8560,메리츠증권
154392,,16570,에스트라
409681,,67390,아스트
1259056,,299910,애닉
1619513,,422040,엔에이치스팩23호
1671197,,435870,SK증권제8호스팩
1845701,,482520,교보16호스팩
480756,,96040,이트론
102353,,24910,경창산업
120182,,5940,NH투자증권
108490,,48830,엔피케이
144720,,11690,와이투솔루션
238001,,33560,블루콤
150828,,2780,진흥기업
164779,,660,SK하이닉스
260930,,41510,에스엠
171636,,4150,한솔홀딩스
306454,,53300,한국정보인증
181712,,34730,SK
632304,,96760,JW홀딩스
531829,,179290,엠아이텍
1412725,,336260,두산퓨얼셀
198378,,31390,녹십자셀
638539,,126870,뉴로스
238199,,67730,로지시스
1152586,,388720,유일로보틱스
259934,,36000,예림당
157681,,4000,롯데정밀화학
1050738,,304100,솔트룩스
1190124,,279600,미디어젠
159412,,2300,한국제지
163044,,3040,한일약품공업
164292,,3900,동원데어리푸드
164362,,8800,행남사
208301,,53440,성우몰드
220446,,54250,예일바이오텍
653112,,233190,미래자원엠엘
414850,,94280,효성 ITX
874195,,204990,코썬바이오
1360875,,360070,탑머티리얼
1658266,,430230,하나금융24호기업인수목적
1516766,,469750,아이비젼웍스
122205,,18700,바른손
264671,,39310,세중
265324,,35760,CJ ENM
945457,,185490,아이진
1276594,,293940,신한알파리츠
115931,,39840,디오
128111,,9520,포스코엠텍
185505,,52670,제일바이오
604268,,262260,에이프로
1169498,,248020,젬
234449,,54790,제이엠피
126308,,28050,삼성E&A
367482,,69540,빛과전자
587925,,142760,모아라이프플러스
536286,,97800,윈팩
351375,,60260,뉴보텍
661157,,150840,인트로메딕
163114,,7860,서연
247939,,37600,씨모스
923516,,446540,메가터치
1119387,,241510,이에스산업
351579,,49470,SGA
378363,,60310,3S
475976,,83640,인콘
799177,,122350,삼기
977641,,149980,하이로닉
988364,,184230,SGA솔루션즈
825223,,126640,화신정공
148984,,480,시알홀딩스
606293,,130580,나이스디앤비
1516890,,418620,이에이트
317487,,43220,티에스넥스젠
781202,,900100,애머릿지
1798980,,473050,유안타제15호스팩
652423,,101140,인바이오젠
1157235,,246720,아스타
248053,,37640,지에스엔텍
252658,,46810,코리언일랙트로닉스파워소스
127167,,2810,삼영무역
410739,,57880,푸른소나무
929228,,224760,엔에스컴퍼니
1138993,,278380,원바이오젠
231691,,32800,판타지오
550082,,210120,빅텐츠
863038,,313760,캐리
983040,,180640,한진칼
1510489,,950210,프레스티지바이오파마
1524093,,375500,DL이앤씨
407294,,88340,유라클
1596425,,402340,SK스퀘어
1203507,,299670,에스엠비나
1232192,,464280,티디에스팜
136776,,25620,제이준코스메틱
209780,,29460,케이씨
1307335,,366030,공구우먼
352064,,53160,프리엠스
1373709,,456010,아이씨티케이
1810796,,476470,KB제28호스팩
1063237,,222670,플럼라인생명과학
297448,,41590,플래스크
136226,,65350,신성델타테크
245472,,64760,티씨케이
403793,,301300,바이브컴퍼니
1110474,,298060,에스씨엠생명과학
1113718,,226950,올릭스
148470,,199820,제일일렉트릭
1194689,,443060,HD현대마린솔루션
276083,,33790,피노
525864,,237750,피앤씨테크
603348,,93320,케이아이엔엑스
1207761,,227100,퀀텀온
139205,,1540,안국약품
362122,,137080,나래나노텍
369107,,82850,우리바이오
643656,,101730,위메이드맥스
818472,,160600,이큐셀
1605282,,464580,닷밀
876908,,118990,모트렉스
1575839,,405000,플라즈맵
258102,,65060,지엔코
111689,,9320,아진전자부품
125965,,111870,KH 미래물산
797364,,119650,KC코트렐
130408,,79650,서산
1142400,,164060,이루다
364795,,60300,레드로버
200275,,40300,YTN
1109539,,232140,와이씨
129235,,4450,삼화왕관
112059,,1290,상상인증권
331016,,64850,에프앤가이드
428729,,69460,대호에이엘
1641600,,475580,에이럭스
471068,,77360,덕산하이메탈
1061558,,213420,덕산네오룩스
1064069,,215480,토박스코리아
1504211,,462510,라메디텍
1514698,,373200,엑스플러스
168331,,5320,온타이드
1492651,,372320,큐로셀
134510,,33530,SJG세종
585608,,119860,커넥트웨이브
255105,,38530,케이바이오
1572489,,386580,한화플러스제2호기업인수목적
766106,,105550,엣지파운드리
162461,,9830,한화솔루션
1204056,,352820,하이브
160588,,880,한화
1559637,,439580,블루엠텍
113562,,400,롯데손해보험
226316,,111110,호전실업
577380,,138070,신진에스엠
1814233,,477380,미래에셋비전스팩4호
307028,,53950,경남제약
1353024,,317240,TS트릴리온
1594764,,405640,신한제9호기업인수목적
1344363,,323350,다원넥스뷰
1072518,,163430,디피코
1217014,,290090,트윔
155586,,24850,HLB이노베이션
968607,,475560,더본코리아
971090,,263540,어스앤에어로스페이스
1703849,,473980,노머스
119672,,16740,두올
330044,,50110,캠시스
1583652,,434480,모니터랩
1675421,,439730,IBKS제20호스팩
1512575,,384470,코어라인소프트
190756,,67900,와이엔텍
1130885,,266470,바이오인프라생명과학
1376715,,347850,디앤디파마텍
1016309,,457370,한켐
1074862,,215200,메가스터디교육
1326792,,307870,비투엔
560982,,86820,바이오솔루션
124504,,47050,포스코인터내셔널
821607,,123750,알톤
128032,,520,삼일제약
888347,,145020,휴젤
145163,,5690,파미셀
1444380,,355690,에이텀
441243,,93240,형지엘리트
1316254,,298050,HS효성첨단소재
1281541,,446440,에피바이오텍
1814589,,477760,디비금융스팩12호
116426,,9730,이렘
362292,,60590,씨티씨바이오
842619,,141080,리가켐바이오
112457,,3310,대주산업
104388,,7690,국도화학
264255,,43150,바텍
165413,,11170,롯데케미칼
269922,,41830,인바디
225706,,234080,JW생명과학
318662,,56730,CNT85
557508,,114090,GKL
624509,,187870,디바이스이엔지
1160363,,247540,에코프로비엠
1336735,,327610,펨토바이오메드
372226,,131290,티에스이
1540453,,445090,에이직랜드
257149,,36180,지더블유바이텍
373021,,73640,테라사이언스
990819,,200350,아티스트스튜디오
1866528,,489210,교보17호스팩
136004,,25870,신라에스지
992543,,225190,LK삼양
583442,,90350,노루페인트
490090,,99750,이지케어텍
1036367,,203690,아크솔루션스
1854408,,487830,신한제15호스팩
1620713,,421800,교보12호기업인수목적
164478,,720,현대건설
1207901,,466410,사이냅소프트
1109690,,227420,도부
1847550,,484130,하나34호스팩
121039,,17180,명문제약
161426,,8930,한미사이언스
159193,,15760,한국전력공사
105271,,2380,케이씨씨
1259311,,290720,푸드나무
1014657,,138580,비즈니스온커뮤니케이션
1031229,,219750,한국비티비
144243,,18000,유니슨
124090,,7280,한국특강
123523,,4650,창해에탄올
124197,,3030,세아제강지주
264945,,36800,나이스정보통신
140131,,20120,키다리스튜디오
276834,,52900,KX하이텍
146232,,13360,일성건설
642541,,127120,디엔에이링크
1140837,,377330,이지트로닉스
650771,,160190,하이젠알앤엠
463342,,41910,폴라리스AI파마
169048,,3580,HLB글로벌
1384787,,462870,시프트업
242934,,83550,케이엠
317210,,43260,성호전자
129411,,360,삼환기업
112907,,26870,코원에너지서비스
111704,,42660,한화오션
532855,,80720,한국유니온제약
260408,,36580,팜스코
1037542,,222160,NPX
1182408,,258790,소프트캠프
1381391,,443670,에스피소프트
1636565,,474170,루미르
415594,,100130,동국S&C
362238,,79980,휴비스
441447,,89150,케이씨티
362441,,307950,현대오토에버
489243,,88130,동아엘텍
422895,,67830,세이브존I&C
495086,,87600,픽셀플러스
1390344,,329180,HD현대중공업
611736,,92870,엑시콘
1003040,,192250,케이사인
1091054,,222420,쎄노텍
1130849,,290560,신시웨이
1807738,,475240,하나32호스팩
102432,,13580,계룡건설산업
110884,,32790,엠젠솔루션
1480780,,400760,NH올원리츠
200910,,31310,아이즈비전
230036,,30350,드래곤플라이
243979,,84180,수성웹툰
360036,,46310,백금T&A
567897,,389500,에스비비테크
610490,,148140,비디아이
125150,,5090,SGC에너지
268002,,36630,세종텔레콤
154329,,7980,TP
103626,,10420,한솔피엔에스
761183,,416180,신성에스티
292434,,48530,인트론바이오
415327,,72020,중앙백신
415868,,87010,펩트론
453929,,78160,메디포스트
215976,,38340,MIT
765462,,297090,씨에스베어링
670340,,112610,씨에스윈드
239639,,38500,삼표시멘트
1419205,,460940,피앤에스미캐닉스
372873,,58860,KTis
532059,,114450,그린생명과학
580199,,86900,메디톡스
808086,,196300,애니젠
877059,,207940,삼성바이오로직스
926522,,191420,테고사이언스
977650,,182400,엔케이맥스
1109937,,246710,티앤알바이오팹
1110678,,263050,유틸렉스
1114586,,331920,셀레믹스
1245062,,950160,코오롱티슈진
1319899,,302440,SK바이오사이언스
102618,,12200,계양전기
153278,,19770,서연탑메탈
297095,,51490,나라엠앤디
384887,,71670,에이테크솔루션
346911,,52770,아이톡시
145446,,8250,이건산업
141246,,16250,SGC E&C
203290,,24720,콜마홀딩스
391197,,65650,하이퍼코퍼레이션
753643,,109070,주성코퍼레이션
441128,,58220,아리온테크놀로지
1672053,,436530,케이비제22호기업인수목적
1695498,,419700,이브이파킹서비스
918222,,156100,엘앤케이바이오
113207,,1440,대한전선
453488,,145210,다이나믹디자인
657783,,417970,모델솔루션
1311310,,382480,지아이텍
112378,,40,KR모터스
131197,,21050,서원
825959,,126700,하이비젼시스템
144650,,54930,유신
469799,,74610,이엔플러스
299464,,47820,초록뱀미디어
602136,,104460,디와이피엔에프
814786,,131100,티엔엔터테인먼트
1010642,,144510,지씨셀
488989,,78350,한양디지텍
659161,,160980,싸이맥스
172185,,4270,남성
1159233,,248070,솔루엠
1116265,,140430,카티스
161383,,42700,한미반도체
659684,,174880,장원테크
372129,,79900,전진건설로봇
172680,,5160,동국산업
870481,,128540,에코캡
876865,,212560,네오오토
1047169,,208350,지란지교시큐리티
1078178,,218410,RFHIC
1095722,,222800,심텍
1124680,,250000,보라티알
1186404,,263720,디앤씨미디어
1199727,,252990,샘씨엔에스
1288410,,318160,셀바이오휴먼텍
1288827,,403870,HPSP
1511558,,950220,네오이뮨텍
1514005,,355390,크라우드웍스
1538528,,453860,에이에스텍
1770203,,462520,조선내화
927558,,206650,유바이오로직스
175623,,50120,ES큐브
1138595,,199480,뱅크웨어글로벌
113410,,120,CJ대한통운
158219,,33170,시그네틱스
216762,,45100,한양이엔지
131850,,1510,SK증권
385363,,65450,빅텍
155258,,58430,포스코스틸리온
155276,,3670,포스코퓨처엠
536523,,90360,로보스타
660750,,166090,하나머티리얼즈
366137,,151860,KG에코솔루션
606770,,94850,참좋은여행
1257872,,288620,에스퓨얼셀
125080,,6840,AK홀딩스
1857991,,489730,디비금융제13호스팩
1034730,,215570,크로넥스
164618,,16790,현대사료
1761296,,458610,한국제12호스팩
1416235,,950190,고스트스튜디오
115977,,10780,아이에스동서
232007,,42940,상지건설
791209,,118000,메타케어
1299106,,403490,우듬지팜
402110,,131090,시큐브
153621,,9310,참엔지니어링
503668,,79550,LIG넥스원
1316245,,298040,효성중공업
783246,,900070,글로벌에스엠
1515323,,373220,LG에너지솔루션
1682740,,442770,IBKS제21호스팩
1701328,,448760,IBKS제22호스팩
453442,,59270,해성에어로보틱스
1370863,,402490,그린리소스
1508855,,369370,블리츠웨이스튜디오
1574760,,393360,신한제8호기업인수목적
528791,,412540,제일엠앤에스
111810,,3090,대웅
108001,,91590,남화토건
243988,,33630,에스케이브로드밴드
318316,,45390,대아티아이
358271,,56190,에스에프에이
244455,,33780,케이티앤지
227333,,33640,네패스
258801,,35720,카카오
229021,,33230,인성정보
261443,,36570,엔씨소프트
267906,,19010,베뉴지
349097,,53210,케이티스카이라이프
297989,,46120,오르비텍
357360,,69640,한세엠케이
338170,,452400,이닉스
363769,,63570,한국전자금융
372882,,58850,KTcs
390055,,63160,종근당바이오
389998,,66980,한성크린텍
427483,,69620,대웅제약
545929,,95700,제넥신
397191,,68050,팬엔터테인먼트
445054,,67310,하나마이크론
131780,,1740,SK네트웍스
220109,,43100,알파녹스
1854763,,487570,HS효성
1335790,,308080,바이젠셀
585219,,91090,세원이앤씨
155638,,2230,피에스텍
1393721,,331380,포커스에이치엔에스
1276901,,291230,엔피
1302853,,368600,아이씨에이치
1516456,,389470,인벤티지랩
1573284,,391710,코닉오토메이션
1804476,,474490,유안타제16호스팩
137289,,41520,이엘씨
1390399,,328380,솔트웨어
138206,,12650,쌍용건설
280688,,46140,스튜디오에스
453284,,339770,교촌에프앤비
540641,,84670,동양고속
631518,,96770,SK이노베이션
480048,,80420,모다이노칩
684802,,244920,에이플러스에셋
872984,,139480,이마트
878915,,139130,DGB금융지주
904672,,251270,넷마블
1009789,,192820,코스맥스
1105153,,454910,두산로보틱스
1310269,,294870,HDC현대산업개발
349811,,52300,씨티프라퍼티
1385050,,389650,넥스트바이오메디컬
1689266,,431190,케이쓰리아이
181934,,51310,플랜텍
153375,,23160,태광
339391,,272210,한화시스템
1588189,,475400,씨메스
1090471,,222080,씨아이에스
370918,,221980,케이디켐
104810,,7720,대명소노시즌
346610,,56090,시지메드텍
1880801,,415640,KB발해인프라
1070149,,244460,올리패스
1286476,,474610,RF시스템즈
829380,,128660,피제이메탈
1412822,,336370,솔루스첨단소재
962922,,222110,팬젠
125664,,12210,삼미금속
1507810,,390110,애니메디솔루션
878517,,224020,에스케이씨에스
1211232,,282880,코윈테크
1276026,,314130,지놈앤컴퍼니
1358463,,319400,현대무벡스
1368354,,330860,네패스아크
1435489,,382900,범한퓨얼셀
1467451,,418470,밀리의서재
1210066,,377450,리파인
311216,,44990,에이치엔에스하이텍
1270749,,289930,웨이비스
122825,,6490,인스코비
132211,,2820,SUN&L
1817610,,478780,대신밸런스제18호스팩
1704680,,476080,M83
1262032,,286940,롯데이노베이트
122056,,3650,미창석유공업
1337017,,341310,이앤에치
1341630,,296640,이노룰스
164308,,10090,이마트에브리데이
1405451,,347860,알체라
567222,,101170,우림피티에스
816696,,136660,큐엠씨
310156,,49180,셀루메드
609315,,96640,멜파스
361008,,82740,한화엔진
399694,,67160,SOOP
166175,,21040,대호특수강
103130,,9810,플레이그램
365989,,70960,모나용평
877174,,169330,엠브레인
1299203,,453450,그리드위즈
1175499,,377460,위니아에이드
113492,,4540,깨끗한나라
119007,,9580,무림P&P
121507,,1810,무림SP
133706,,27970,한국제지
156956,,34950,한국기업평가
304401,,47730,텔라움
1075126,,223310,딥마인드
348788,,53200,디이시스
134723,,1020,페이퍼코리아
136086,,9200,무림페이퍼
163761,,9460,한창제지
1060744,,213500,한솔제지
172079,,46210,HLB파나진
317681,,59210,메타바이오메드
326731,,64550,바이오니아
349060,,42520,한스바이오메드
362201,,100700,세운메디칼
447007,,260660,알리코제약
513948,,142280,녹십자엠에스
608440,,340570,티앤엘
767628,,138610,나이벡
956028,,950130,엑세스바이오
971726,,153710,옵티팜
1035942,,233250,메디안디노스틱
1063954,,253840,수젠텍
1118281,,304840,피플바이오
173874,,2350,넥센타이어
481454,,73240,금호타이어
937324,,161390,한국타이어앤테크놀로지
150633,,13890,지누스
1480708,,376270,에이치이엠파마
1152470,,263750,펄어비스
102751,,2140,고려산업
216434,,66360,체리부로
303703,,65770,CS
1067808,,217270,넵튠
1569838,,388800,유진기업인수목적7호
1700587,,462350,이노스페이스
363510,,60230,소니드
403766,,62970,한국첨단소재
1035678,,193250,링크드
623184,,192410,휴림네트웍스
1041828,,950170,JTC
1109070,,238200,비피도
1275489,,308430,셀비온
527491,,101670,하이드로리튬
291860,,44060,조광ILI
1046391,,217330,싸이토젠
171265,,34230,파라다이스
392691,,64800,포니링크
547510,,199800,툴젠
110583,,25440,DH오토웨어
406037,,83660,CSA 코스믹
962393,,318020,포인트모바일
137252,,8040,사조동아원
1332137,,283100,노보믹스
763358,,136510,스마트솔루션즈
1801822,,473950,SK증권제13호스팩
521390,,144960,뉴파워프라즈마
426068,,69920,엑시온그룹
226547,,53980,오상자이엘
138224,,3410,쌍용씨앤이
1416642,,340360,다보링크
569691,,92070,디엔에프
374738,,65370,위세아이텍
1814312,,477530,한국제14호스팩
1817249,,477470,미래에셋비전스팩5호
1514227,,458870,씨어스테크놀로지
112651,,12800,대창
353230,,60910,프리젠
541437,,104540,코렌텍
1182550,,245620,EDGC
295857,,46070,코다코
1335453,,309930,오하임앤컴퍼니
1035289,,204210,스타에스엠리츠
871833,,237690,에스티팜
353018,,58530,파나케이아
1686427,,464080,에스오에스랩
110750,,19570,플루토스
371740,,66670,디티씨
1412938,,322190,베른
1113754,,241790,티이엠씨씨엔에스
151128,,9680,모토닉
373571,,60240,스타코링크
1586172,,400840,하이제7호기업인수목적
1834194,,481890,엔에이치스팩31호
137207,,11330,유니켐
1229240,,296520,가이아코퍼레이션
1228515,,270520,지오릿에너지
1675014,,438220,대신밸런스제13호기업인수목적
1845534,,482690,대신밸런스제19호스팩
1445440,,459100,위츠
1498576,,389680,유디엠텍
111838,,7680,대원
155355,,17810,풀무원
249441,,66790,씨씨에스
561866,,115390,락앤락
1210190,,348030,모비릭스
103662,,17040,광명전기
300405,,65500,오리엔트정공
164672,,6390,한일현대시멘트
384717,,65170,비엘팜텍
164636,,12630,HDC
1032583,,198440,강동씨앤엘
113535,,5880,대한해운
150439,,3780,진양산업
526599,,145720,덴티움
925374,,372170,윤성에프앤씨
1116502,,321820,아티스트유나이티드
1612608,,419270,신영해피투모로우제7호기업인수목적
1283974,,451250,삐아
1678312,,460470,아이빔테크놀로지
1319808,,300720,한일시멘트
1873272,,489480,키움제11호스팩
965813,,201490,미투온
874937,,180060,탑선
205687,,32860,더라미
111111,,9190,대양금속
1440153,,351320,에스에이티이엔지
1466832,,403360,라피치
1492217,,373110,엑셀세라퓨틱스
173698,,2700,신일전자
1020524,,234920,자이글
103510,,23800,인지컨트롤스
100601,,114190,강원에너지
114792,,1230,동국홀딩스
109268,,48470,대동스틸
135999,,1000,신라섬유
406046,,71970,HD현대마린엔진
536329,,106520,노블엠앤비
1688896,,448730,삼성FN리츠
319272,,458650,성우
1854392,,488060,유진스팩11호
407814,,83790,CG인바이츠
958327,,382800,지앤비에스 에코
145862,,34590,인천도시가스
1110076,,230980,비유테크놀러지
1359815,,320000,한울반도체
186452,,29480,광무
210856,,71950,코아스
976615,,217880,틸론
156442,,4590,한국가구
180263,,16100,리더스코스메틱
159810,,6380,카프로
206686,,42040,케이피엠테크
216647,,30530,원익홀딩스
222435,,33050,제이엠아이
260657,,36220,오상헬스케어
267854,,14100,메디앙스
1290132,,311960,에이아이더뉴트리진
1353848,,279060,이노벡스
346407,,40350,크레오에스지
652159,,144620,코오롱머티리얼
1027794,,251630,브이원텍
136642,,19590,엠벤처투자
1267602,,287410,제이시스메디칼
1573336,,475960,토모큐브
112332,,85620,미래에셋생명
135111,,17550,수산중공업
135795,,29530,신도리코
139153,,38110,에코플라스틱
141671,,10470,오리콤
149354,,1630,종근당홀딩스
158024,,24840,KBI메탈
152862,,2020,코오롱
153861,,9410,태영건설
203315,,36420,콘텐트리중앙
131832,,6120,SK디스커버리
357740,,60250,NHN KCP
377018,,49080,기가레인
384762,,65690,파커스
385336,,64240,홈캐스트
466428,,74430,아미노로직스
608699,,134580,탑코미디어
608802,,200230,텔콘RF제약
667425,,200470,에이팩트
838005,,178320,서진시스템
923826,,178780,일월지엠엘
1042359,,204840,지엘팜텍
1068658,,217620,디딤이앤에프
1168143,,900280,골든센츄리
129509,,14130,한익스프레스
1372782,,356680,엑스게이트
958664,,162300,신스틸
158307,,71840,롯데하이마트
140168,,35000,HS애드
1262458,,282690,동아타이어공업
350312,,39570,HDC랩스
197476,,29960,코엔텍
301112,,46390,삼화네트웍스
728638,,105630,한세실업
1408999,,336060,웨이버스
1023211,,209640,와이제이링크
1284876,,465480,인스피언
1867758,,489790,한화인더스트리얼솔루션즈
1135057,,234690,녹십자웰빙
1436628,,350520,이지스레지던스리츠
375931,,60150,인선이엔티
414540,,114920,대주이엔티
475985,,48870,시너지이노베이션
476498,,78340,컴투스
492894,,82270,젬백스
497631,,81150,티플랙스
542898,,106080,하이소닉
574611,,99220,SDN
613318,,122870,와이지엔터테인먼트
620868,,124500,아이티센
624518,,154040,다산솔루에타
563545,,131970,두산테스나
442154,,126880,제이엔케이글로벌
127699,,64510,유네코
1008762,,194480,데브시스터즈
957568,,214310,에스엘에너지
277736,,46110,한일네트웍스
1363924,,331660,한국미라클피플사
101752,,25880,케이씨피드
107598,,3920,남양유업
108038,,4250,엔피씨
120924,,5990,매일홀딩스
1383779,,475660,에스켐
1563922,,413390,엠오티
104519,,1140,국보
116268,,2210,동성제약
972293,,208340,파멥신
111847,,430,대원강업
104120,,26910,광진실업
141404,,6740,영풍제지
1506617,,394800,쓰리빌리언
415646,,192650,드림텍
173449,,44480,빌리언스
351454,,43090,더테크놀로지
1813377,,477340,에이치엠씨제7호스팩
474588,,107640,한중엔시에스
1819867,,478440,미래에셋비전스팩6호
423609,,68870,LG생명과학
121154,,9780,엠에스씨
113234,,1790,대한제당
140566,,2680,한탑
113243,,1130,대한제분
162911,,5860,한일사료
121941,,1680,대상
124726,,5180,빙그레
192499,,27710,팜스토리
125530,,5610,SPC삼립
223762,,43610,지니뮤직
126955,,3230,삼양식품
241209,,33200,모아텍
129013,,11150,CJ씨푸드
242378,,35810,이지홀딩스
130879,,4410,서울식품공업
364467,,60570,드림어스컴퍼니
141529,,7310,오뚜기
370006,,52220,iMBC
142661,,6980,우성
1226270,,352090,스톰테크
156691,,5430,한국공항
158149,,2960,한국쉘석유
620558,,195990,에이비프로바이오
656021,,139050,BF랩스
820389,,214870,한울BnC
1293485,,381620,제닉스
303794,,86980,쇼박스
875307,,255440,야스
127158,,4920,씨아이테크
260356,,8270,산은캐피탈
108241,,4370,농심
911955,,226320,잇츠한불
220622,,65710,서호전기
442455,,82660,코스나인
390903,,65680,우주일렉트로
259545,,123040,엠에스오토텍
446831,,84450,세실
149646,,24110,기업은행
361169,,41460,한국전자인증
1714997,,481850,신한글로벌액티브리츠
1689035,,452200,민테크
681373,,197140,디지캡
103635,,14200,광림
298447,,52710,아모텍
1025644,,217730,강스템바이오텍
402989,,69110,코스온
201450,,68400,에스케이렌터카
139889,,11790,SKC
1366000,,323280,태성
762377,,103660,씨앗
1544468,,456070,이엔셀
409788,,83650,비에이치아이
291152,,41500,디비엘
1492688,,362990,드림인사이트
1841635,,482680,미래에셋비전스팩7호
1153105,,318410,비비씨
1391103,,337930,브랜드엑스코퍼레이션
149345,,2600,조흥
447575,,204270,제이앤티씨
449254,,99320,쎄트렉아이
545734,,92040,아미코젠
340917,,49770,동원F&B
560849,,260970,에스앤디
428321,,101530,해태제과식품
618410,,101000,KS인더스트리
1208821,,266350,팡스카이
1604371,,415580,상상인제3호기업인수목적
929778,,199870,배터리솔루션즈
573269,,96630,에스코넥
1117918,,258250,셀젠텍
1168684,,253450,스튜디오드래곤
1318933,,303030,지니틱스
1384477,,323230,엠에프엠코리아
657224,,461300,아이스크림미디어
576798,,110990,디아이티
198697,,20760,일진디스플
592653,,89850,유비벨록스
116824,,640,동아쏘시오홀딩스
232089,,32980,바이온
104102,,10050,우리종합금융
440712,,73570,리튬포어스
956930,,170900,동아에스티
627029,,99520,DGI
1601222,,413630,씨피시스템
301015,,44070,한서제약
301626,,57330,플래닛팔이
579139,,222980,한국맥널티
635134,,97950,CJ제일제당
656289,,222040,코스맥스엔비티
855093,,136490,선진
811372,,194700,노바렉스
896285,,145990,삼양사
986898,,318010,팜스빌
1167056,,248170,샘표식품
1011438,,239610,에이치엘사이언스
1205329,,264900,크라운제과
1068737,,357230,에이치피오
1238169,,271560,오리온
1071944,,218150,미래생명자원
1258507,,280360,롯데웰푸드
1214248,,270870,뉴트리
445869,,121060,유니포인트
1217865,,377220,프롬바이오
523176,,86220,광동헬스바이오
1118643,,238500,로보쓰리에이아이
125974,,1470,삼부토건
1219155,,311390,네오크레마
1851650,,486630,KB제30호스팩
910202,,178600,대동고려삼
317089,,66930,한국애보트진단
1222113,,450520,인스웨이브시스템즈
1085187,,236030,씨알푸드
1234507,,267980,매일유업
1352575,,289170,바이오텐
1243161,,277410,인산가
1276327,,299900,위지윅스튜디오
1453670,,353190,휴럼
1480568,,353810,이지바이오
1491607,,368970,오에스피
101044,,3060,에이프로젠바이오로직스
101549,,11040,경동제약
103015,,14570,고려제약
104722,,2720,국제약품
111999,,3220,대원제약
113128,,23910,대한약품
114686,,6620,동구바이오제약
114808,,86450,동국제약
119195,,20,동화약품
106614,,92440,기신정기
557933,,88790,진도
1663569,,450330,하스
1018617,,200580,메디쎄이
369213,,39980,폴라리스AI
1110182,,246960,SCL사이언스
1201970,,352770,클리노믹스
329084,,47940,비엔디
334493,,50470,씨티앤티
334615,,38710,콜마파마
349787,,54020,지케이파워
577016,,50960,수산아이앤티
1784914,,466100,클로봇
123718,,3000,부광약품
126414,,1360,삼성제약
126788,,9300,삼아제약
128412,,5500,삼진제약
128546,,250,삼천당제약
129679,,6280,녹십자
131018,,18680,서울제약
135050,,4720,팜젠사이언스
136448,,2800,신신제약
137058,,12790,신일제약
137359,,19170,신풍제약
141149,,3520,영진약품
144818,,220,유유제약
146083,,230,일동홀딩스
146214,,3120,일성아이에스
149947,,1060,JW중외제약
150536,,7370,진양제약
158963,,33270,유나이티드
161046,,2390,한독
681249,,115480,씨유메디칼
157399,,4710,한솔테크닉스
549925,,85370,루트로닉
308559,,80530,코디
653103,,151910,퓨처코어
458562,,89530,에이티세미콘
1258020,,304360,에스바이오메딕스
261887,,62860,티엘아이
356158,,53330,영진코퍼레이션
162586,,9420,한올바이오파마
164706,,4310,현대약품
166573,,16580,환인제약
187770,,32300,한국파마
207375,,54670,대한뉴팜
210740,,67080,대화제약
216027,,53030,바이넥스
231831,,34940,조아제약
256043,,200780,비씨월드제약
263654,,39200,오스코텍
407036,,67370,선바이오
533809,,354390,바스칸바이오제약
541349,,68760,셀트리온제약
554352,,175250,아이큐어
614478,,200670,휴메딕스
765851,,330350,위더스제약
828497,,128940,한미약품
831428,,131030,옵투스제약
109019,,5270,아이엠뱅크
1016886,,308700,테크엔
1085442,,212310,오건에코텍
516246,,96610,알에프세미
128971,,1880,디엘건설
809429,,123840,뉴온
1290381,,347740,피엔케이피부임상연구센타
102858,,10130,고려아연
327396,,82210,옵트론텍
241005,,138490,코오롱ENP
446901,,126730,코칩
1798722,,473000,SK증권제12호스팩
867034,,176750,듀켐바이오
989664,,166480,코아스템켐온
992871,,185750,종근당
1012066,,195940,HK이노엔
1159853,,243070,휴온스
1168383,,249420,일동제약
1182259,,314140,알피바이오
1236897,,271980,제일약품
1671601,,446600,카이바이오텍
264635,,38680,에스넷
486370,,80470,성창오토텍
1497373,,461030,아이엠비디엑스
1663639,,430700,유안타제9호스팩
1670675,,435380,유안타제10호스팩
1688346,,444920,유안타제11호스팩
1690235,,446150,유안타제12호스팩
1701753,,449020,유안타제13호스팩
1706819,,450940,유안타제14호스팩
1573974,,391060,엔에이치기업인수목적20호
138242,,3620,KG모빌리티
1722437,,452260,한화갤러리아
936787,,161000,애경케미칼
249894,,66700,테라젠이텍스
1165155,,250060,모비스
113261,,10170,대한광통신
184889,,39020,이건홀딩스
390408,,64090,인크레더블버즈
1592049,,455900,엔젤로보틱스
347716,,51980,중앙첨단소재
899556,,147830,제룡산업
174527,,2460,HS화성
1616482,,418210,신한제10호스팩
1719105,,452980,신한제11호스팩
1807747,,474930,신한제13호스팩
1809569,,474660,신한제12호스팩
861720,,181340,이즈미디어
188122,,36280,남산물산
1274329,,365340,성일하이텍
653194,,109960,AP헬스케어
146454,,7570,일양약품
126089,,300,대유플러스
1518506,,476710,타조엔터테인먼트
162072,,11700,한신기계공업
413046,,68270,셀트리온
199252,,28300,HLB
105873,,34220,LG디스플레이
107987,,25860,남해화학
175173,,31510,오스템
253985,,66620,국보디자인
263371,,39340,한국경제TV
126779,,6110,삼아알미늄
138516,,8700,아남전자
664853,,137950,제이씨케미칼
191472,,25000,KPX케미칼
788773,,96530,씨젠
1582228,,397880,교보11호기업인수목적
1553129,,420570,제이투케이바이오
367376,,64060,사이노젠
223513,,33320,제이씨현시스템
104856,,16360,삼성증권
105855,,10120,엘에스일렉트릭
105961,,11070,LG이노텍
126256,,32830,삼성생명
415707,,69410,엔텔스
126478,,10140,삼성중공업
470829,,70590,한솔인티큐브
136378,,4170,신세계
137997,,1500,현대차증권
140177,,7070,GS리테일
141875,,6090,사조오양
155319,,5490,POSCO홀딩스
158501,,12750,에스원
166519,,850,화천기공
508274,,81000,일진다이아
814582,,336680,탑런토탈솔루션
164788,,12330,현대모비스
1663116,,163280,에어레인
166333,,86250,화신테크
819374,,190510,나무가
296290,,39490,키움증권
861997,,175140,휴먼테크놀로지
945776,,289860,지슨
1226410,,352480,씨앤씨인터내셔널
1616808,,413600,키움제6호스팩
1667592,,433530,키움제7호스팩
1693922,,446840,키움제8호스팩
1436558,,404990,신한서부티엔디리츠
265421,,37330,인지디스플레
132868,,11300,성안머티리얼스
506294,,79940,가비아
525679,,85660,차바이오텍
103006,,2240,고려제강
103176,,540,흥국화재
105466,,21320,KCC건설
109037,,27830,대성창투
113544,,3830,대한화섬
113614,,16090,대현
145738,,24810,이화전기
525934,,108320,LX세미콘
534598,,372910,한컴라이프케어
124106,,5280,부산은행
155948,,33290,코웰패션
101664,,214390,경보제약
1493793,,360350,코셈
225742,,60370,LS마린솔루션
103592,,9290,광동제약
355548,,53590,한국테크놀로지
1575361,,267080,세븐브로이맥주
1114559,,286000,씨엔티드림
149266,,23460,CNH
117601,,3470,유안타증권
158015,,25550,한국선재
118044,,30720,동원수산
169215,,19990,에너토크
120030,,6360,GS건설
187725,,15710,코콤
198192,,37230,한국팩키지
131939,,7610,선도전기
203847,,60480,국일신동
146296,,7110,일신석재
153393,,3240,태광산업
159573,,970,한국주철관공업
238782,,32190,다우데이타
162063,,4960,한신공영
246620,,39420,케이엘넷
101257,,800,경남기업
585538,,95910,에스에너지
109806,,4440,삼일씨엔에스
501970,,78940,퀀타피아
477257,,78650,지나인제약
273615,,30790,비케이탑스
1128622,,239340,이스트에이드
129642,,41650,상신브레이크
543204,,78860,엔에스이엔엠
137368,,2870,신풍
164830,,9540,HD한국조선해양
250137,,65530,와이어블
305668,,75180,새론오토모티브
458234,,267850,아시아나IDT
261957,,39740,한국정보공학
520887,,100220,비상교육
269889,,40160,누리플렉스
589127,,92220,KEC
628189,,95720,웅진씽크빅
633835,,97230,HJ중공업
317104,,171120,라이온켐텍
651901,,298690,에어부산
661847,,133820,화인베스틸
1428203,,344820,케이씨씨글라스
408336,,62580,인산가